-- phpMyAdmin SQL Dump
-- version 5.2.1
-- https://www.phpmyadmin.net/
--
-- Máy chủ: 127.0.0.1
-- Thời gian đã tạo: Th12 16, 2025 lúc 08:09 AM
-- Phiên bản máy phục vụ: 10.4.32-MariaDB
-- Phiên bản PHP: 8.2.12

SET SQL_MODE = "NO_AUTO_VALUE_ON_ZERO";
START TRANSACTION;
SET time_zone = "+00:00";


/*!40101 SET @OLD_CHARACTER_SET_CLIENT=@@CHARACTER_SET_CLIENT */;
/*!40101 SET @OLD_CHARACTER_SET_RESULTS=@@CHARACTER_SET_RESULTS */;
/*!40101 SET @OLD_COLLATION_CONNECTION=@@COLLATION_CONNECTION */;
/*!40101 SET NAMES utf8mb4 */;

--
-- Cơ sở dữ liệu: `web_ban_may_tinh`
--

-- --------------------------------------------------------

--
-- Cấu trúc bảng cho bảng `cart`
--

CREATE TABLE `cart` (
  `id` int(11) NOT NULL,
  `client_id` varchar(255) NOT NULL,
  `product_id` int(11) NOT NULL,
  `quantity` int(2) DEFAULT 1,
  `users_id` int(11) DEFAULT NULL
) ENGINE=InnoDB DEFAULT CHARSET=utf8mb4 COLLATE=utf8mb4_general_ci;

--
-- Đang đổ dữ liệu cho bảng `cart`
--

INSERT INTO `cart` (`id`, `client_id`, `product_id`, `quantity`, `users_id`) VALUES
(565, '', 156, 1, 17);

-- --------------------------------------------------------

--
-- Cấu trúc bảng cho bảng `category`
--

CREATE TABLE `category` (
  `id` int(11) NOT NULL,
  `name` varchar(100) NOT NULL
) ENGINE=InnoDB DEFAULT CHARSET=utf8mb4 COLLATE=utf8mb4_general_ci;

--
-- Đang đổ dữ liệu cho bảng `category`
--

INSERT INTO `category` (`id`, `name`) VALUES
(2, 'Laptop'),
(3, 'Chuột'),
(4, 'PC'),
(8, 'Màn hình máy tính');

-- --------------------------------------------------------

--
-- Cấu trúc bảng cho bảng `checkout`
--

CREATE TABLE `checkout` (
  `id` int(20) NOT NULL,
  `product_id` int(11) NOT NULL,
  `price_product` int(12) NOT NULL,
  `quantity_product` int(11) NOT NULL,
  `order_id` varchar(20) NOT NULL
) ENGINE=InnoDB DEFAULT CHARSET=utf8mb4 COLLATE=utf8mb4_general_ci;

--
-- Đang đổ dữ liệu cho bảng `checkout`
--

INSERT INTO `checkout` (`id`, `product_id`, `price_product`, `quantity_product`, `order_id`) VALUES
(71, 159, 2649000, 1, '20220828201711'),
(72, 156, 3669000, 1, '20220828201711'),
(73, 156, 3669000, 2, '20220828203104'),
(74, 153, 48199000, 2, '20220828203210'),
(75, 159, 2649000, 2, '20220828203210'),
(76, 153, 48199000, 1, '20220829212939'),
(77, 156, 3669000, 1, '20220829212939'),
(78, 159, 2649000, 1, '20220830144940'),
(79, 153, 48199000, 1, '20251210205445'),
(80, 153, 48199000, 1, '20251210210036'),
(81, 156, 3669000, 1, '20251210210058'),
(82, 156, 3669000, 1, '20251214194836'),
(83, 156, 3669000, 1, '20251216081617'),
(84, 159, 2649000, 1, '20251216114629'),
(85, 147, 23299000, 1, '20251216114629');

-- --------------------------------------------------------

--
-- Cấu trúc bảng cho bảng `discount`
--

CREATE TABLE `discount` (
  `id` int(11) NOT NULL,
  `discount` int(5) DEFAULT NULL,
  `date_discount` datetime NOT NULL,
  `product_id` int(11) NOT NULL
) ENGINE=InnoDB DEFAULT CHARSET=utf8mb4 COLLATE=utf8mb4_general_ci;

--
-- Đang đổ dữ liệu cho bảng `discount`
--

INSERT INTO `discount` (`id`, `discount`, `date_discount`, `product_id`) VALUES
(60, 11, '2023-03-28 17:01:00', 146),
(61, 10, '2023-03-28 17:01:00', 153),
(62, 10, '2023-06-11 17:02:00', 159),
(63, 10, '2023-06-22 17:02:00', 156);

-- --------------------------------------------------------

--
-- Cấu trúc bảng cho bảng `orders`
--

CREATE TABLE `orders` (
  `id` varchar(20) NOT NULL,
  `full_name` varchar(50) NOT NULL,
  `address` varchar(100) NOT NULL,
  `price` int(20) NOT NULL,
  `phone_number` varchar(20) NOT NULL,
  `user_id` int(11) NOT NULL,
  `note` varchar(100) NOT NULL,
  `payment` int(5) NOT NULL,
  `shipping` int(5) NOT NULL,
  `date_order` timestamp NOT NULL DEFAULT current_timestamp(),
  `status_payment` tinyint(5) NOT NULL,
  `status_order` tinyint(5) NOT NULL
) ENGINE=InnoDB DEFAULT CHARSET=utf8mb4 COLLATE=utf8mb4_general_ci;

--
-- Đang đổ dữ liệu cho bảng `orders`
--

INSERT INTO `orders` (`id`, `full_name`, `address`, `price`, `phone_number`, `user_id`, `note`, `payment`, `shipping`, `date_order`, `status_payment`, `status_order`) VALUES
('20220828201711', 'vũ hoàng', 'Vietnam-Huyện Đan Phượng-Hà Nội', 5686200, '+84869361504', 7, '1111', 2, 2, '2022-08-20 06:17:18', 0, 3),
('20220828203104', 'vũ hoàng', 'Vietnam-Huyện Đan Phượng-Hà Nội', 6604200, '+84869361504', 7, 'aaaaa', 2, 2, '2022-08-26 06:31:11', 0, 3),
('20220828203210', 'vũ hoàng', 'Vietnam-Huyện Đan Phượng-Hà Nội', 91526400, '+84869361504', 7, 'ưewqeqw', 2, 2, '2022-08-29 06:32:15', 0, 3),
('20220829212939', 'vũ hoàng', 'Vietnam-Huyện Đan Phượng-Hà Nội', 46681200, '+84869361504', 7, 'aaa', 1, 2, '2022-08-29 07:29:45', 1, 3),
('20220830144940', 'vũ hoàng', 'Vietnam-Huyện Đan Phượng-Hà Nội', 2384100, '+84869361504', 7, 'aaaaa', 1, 2, '2022-08-30 00:49:52', 1, 3),
('20251210205445', '', '-Thị xã Buôn Hồ-', 48199000, '', 17, '', 1, 2, '2025-12-10 13:54:53', 0, 0),
('20251210210036', '', '-Thị xã Buôn Hồ-Đắk Lắk', 48199000, '', 17, '', 2, 2, '2025-12-10 14:00:37', 0, 0),
('20251210210058', '', '-Thị xã Buôn Hồ-Đắk Lắk', 3669000, '', 17, '', 1, 2, '2025-12-10 14:01:01', 0, 0),
('20251214194836', 'Đặng Hoàng Minh', 'Việt Nam-Thị xã Buôn Hồ-Đắk Lắk', 3669000, '0963930712', 18, '', 1, 2, '2025-12-14 12:48:42', 1, 3),
('20251216081617', 'Huyền Thu', '126 Xã Đàn-Quận Đống Đa-Hà Nội', 3669000, '0337432795', 20, '', 1, 2, '2025-12-16 01:16:38', 1, 2),
('20251216114629', 'Huyền My', '23 Ô Chợ Dừa-Quận Đống Đa-Hà Nội', 25948000, '0372690620', 20, '', 1, 2, '2025-12-16 04:47:25', 1, 3);

-- --------------------------------------------------------

--
-- Cấu trúc bảng cho bảng `product`
--

CREATE TABLE `product` (
  `id` int(11) NOT NULL,
  `category_id` int(11) NOT NULL,
  `name` varchar(100) NOT NULL,
  `price` int(12) NOT NULL,
  `thumbnail` varchar(500) NOT NULL,
  `amount` int(100) DEFAULT NULL,
  `create_at` datetime DEFAULT current_timestamp(),
  `update_at` datetime DEFAULT current_timestamp() ON UPDATE current_timestamp(),
  `brand` longtext NOT NULL,
  `images` mediumtext DEFAULT NULL,
  `description` longtext DEFAULT NULL,
  `rating_avg` float DEFAULT 0,
  `rating_count` int(11) DEFAULT 0
) ENGINE=InnoDB DEFAULT CHARSET=utf8mb4 COLLATE=utf8mb4_general_ci;

--
-- Đang đổ dữ liệu cho bảng `product`
--

INSERT INTO `product` (`id`, `category_id`, `name`, `price`, `thumbnail`, `amount`, `create_at`, `update_at`, `brand`, `images`, `description`, `rating_avg`, `rating_count`) VALUES
(146, 2, 'Laptop Asus VivoBook A1503ZA-L1421W', 19299000, '66398_hacom_asus_vivobook_a1503za_6.png', 0, '2022-08-28 15:46:22', '2022-08-28 20:27:41', 'Asus', '<p><img alt=\"\" src=\"http://localhost/webbanhang/public/storage/test/67199_a1503za_l1421w_1.jpg\" style=\"height:1024px; width:1024px\" /><img alt=\"\" src=\"http://localhost/webbanhang/public/storage/test/67199_a1503za_l1421w_2.jpg\" style=\"height:1024px; width:1024px\" /><img alt=\"\" src=\"http://localhost/webbanhang/public/storage/test/67199_a1503za_l1421w_3.jpg\" style=\"height:1024px; width:1024px\" /><img alt=\"\" src=\"http://localhost/webbanhang/public/storage/test/67199_a1503za_l1421w_4.jpg\" style=\"height:1024px; width:1024px\" /><img alt=\"\" src=\"http://localhost/webbanhang/public/storage/test/67199_a1503za_l1421w_5.jpg\" style=\"height:1024px; width:1024px\" /><img alt=\"\" src=\"http://localhost/webbanhang/public/storage/test/67199_a1503za_l1421w_6.jpg\" style=\"height:1025px; width:1024px\" /></p>\r\n', '<h2>Đ&aacute;nh gi&aacute; Laptop Asus VivoBook A1503ZA-L1421W (i5 12500H/8GB RAM/512GB SSD/15.6 Oled/Win11/Bạc/Balo)</h2>\r\n\r\n<p><strong><img alt=\"Laptop Asus VivoBook A1503ZA\" src=\"https://hanoicomputercdn.com/media/lib/08-08-2022/hacom-asus-vivobook-a1503za-0.png\" style=\"height:768px; width:1024px\" /></strong></p>\r\n\r\n<p><strong>Lưu &yacute;:&nbsp;</strong><em>B&agrave;i viết v&agrave; h&igrave;nh ảnh chỉ c&oacute; t&iacute;nh chất tham khảo v&igrave; cấu h&igrave;nh v&agrave; đặc t&iacute;nh sản phẩm c&oacute; thể thay đổi theo thị trường v&agrave; từng phi&ecirc;n bản. Qu&yacute; kh&aacute;ch cần cấu h&igrave;nh cụ thể vui l&ograve;ng li&ecirc;n hệ với c&aacute;c tư vấn vi&ecirc;n để được trợ gi&uacute;p.</em></p>\r\n\r\n<h3>THIẾT KẾ HIỆN ĐẠI</h3>\r\n\r\n<p><a href=\"https://hacom.vn/laptop-asus\">Laptop Asus</a>&nbsp;mang đến hai m&agrave;u bắt mắt Bạc/Xanh. C&acirc;n nặng chỉ 1.7kg, kh&ocirc;ng qu&aacute; nhẹ nhưng cũng kh&ocirc;ng qu&aacute; vất vả nếu bạn l&agrave; một người bận rộn.</p>\r\n\r\n<p><img alt=\"Laptop Asus VivoBook A1503ZA\" src=\"https://hanoicomputercdn.com/media/lib/08-08-2022/hacom-asus-vivobook-a1503za-2.png\" style=\"height:768px; width:1024px\" /></p>\r\n\r\n<h3>HIỆU NĂNG KHỦNG&nbsp;</h3>\r\n\r\n<p><a href=\"https://hacom.vn/laptop-asus-vivobook\">Laptop ASUS Vivobook</a>&nbsp;15X OLED l&agrave; người bạn đồng h&agrave;nh h&agrave;ng ng&agrave;y của bạn, lu&ocirc;n sẵn s&agrave;ng đ&aacute;p ứng mọi nhu cầu c&ocirc;ng việc, cho d&ugrave; đ&oacute; l&agrave; văn ph&ograve;ng hay c&aacute; nh&acirc;n, thuyết tr&igrave;nh hay giải tr&iacute;. Bộ vi xử l&yacute; Intel &reg; Core &trade; thế hệ thứ 12 mới nhất được tăng cường với bộ nhớ DDR4 k&ecirc;nh đ&ocirc;i v&agrave; SSD Nvme Gen 4 tốc độ cao, kh&ocirc;ng c&ocirc;ng việc n&agrave;o l&agrave;m kh&oacute; được cấu h&igrave;nh n&agrave;y.</p>\r\n\r\n<p><img alt=\"Laptop Asus VivoBook A1503ZA\" src=\"https://hanoicomputercdn.com/media/lib/16-08-2022/hacom-asus-vivobook-a1503za-3a.jpg\" style=\"height:768px; width:1024px\" /></p>\r\n\r\n<h3>M&Agrave;N H&Igrave;NH OLED CAO C&Acirc;́P</h3>\r\n\r\n<p>M&agrave;n h&igrave;nh của Vivobook 15X OLED c&oacute; độ phủ m&agrave;u tốt nhất trong ph&acirc;n kh&uacute;c. N&oacute; t&aacute;i tạo m&agrave;u sắc với độ ch&iacute;nh x&aacute;c cho h&igrave;nh ảnh cấp độ chuy&ecirc;n nghiệp. M&agrave;n h&igrave;nh OLED, do bản chất của c&aacute;c hợp chất ph&aacute;t s&aacute;ng hữu cơ đặc biệt, l&agrave;m giảm &aacute;nh s&aacute;ng xanh c&oacute; hại l&ecirc;n đến 70% so với m&agrave;n h&igrave;nh LCD giảm nguy cơ tổn thương v&otilde;ng mạc.</p>\r\n\r\n<p>Tốc độ l&agrave;m mới 120 Hz đầu ti&ecirc;n tr&ecirc;n thế giới, thời gian phản hồi 0,2 ms, khi&ecirc;́n cho chi&ecirc;́c mày này sẽ giúp c&ocirc;ng vi&ecirc;̣c mượt mà hơn và v&acirc;̃n có th&ecirc;̉ chơi game n&ecirc;́u bạn mu&ocirc;́n</p>\r\n\r\n<p><img alt=\"Laptop Asus VivoBook A1503ZA\" src=\"https://hanoicomputercdn.com/media/lib/08-08-2022/hacom-asus-vivobook-a1503za-4.png\" style=\"height:768px; width:1024px\" /></p>\r\n\r\n<h3>HỆ THỐNG TẢN NHIỆT&nbsp; M&Aacute;T HƠN, &Ecirc;M HƠN</h3>\r\n\r\n<p><br />\r\nĐể giữ cho m&aacute;y lu&ocirc;n m&aacute;t mẻ trong mọi t&igrave;nh huống, c&ocirc;ng nghệ tản nhiệt ASUS IceCool tr&ecirc;n Vivobook 15X OLED sử dụng 6 ống đồng dẫn nhiệt v&agrave; quạt IceBlade gi&uacute;p tăng tốc giải nhiệt hiệu quả. Quạt 87 c&aacute;nh v&agrave; c&aacute;nh quạt được l&agrave;m bằng polyme tinh thể lỏng, c&oacute; nghĩa l&agrave; ch&uacute;ng nhẹ hơn v&agrave; mỏng hơn so với quạt th&ocirc;ng thường. Ngo&agrave;i ra, quạt sử dụng ổ trục động lực học &ecirc;m hơn v&agrave; &iacute;t rung hơn ổ trục th&ocirc;ng thường. Kết quả cuối c&ugrave;ng l&agrave; CPU mạnh mẽ c&oacute; thể chạy thoải m&aacute;i với tổng TDP 45 watt ở chế độ Hiệu suất - m&agrave; kh&ocirc;ng cần điều chỉnh!</p>\r\n\r\n<p><img alt=\"Laptop Asus VivoBook A1503ZA\" src=\"https://hanoicomputercdn.com/media/lib/08-08-2022/hacom-asus-vivobook-a1503za-5.png\" style=\"height:768px; width:1024px\" /></p>\r\n\r\n<h3>BẢN LỀ 180 &deg;</h3>\r\n\r\n<p>Vivobook 15X OLED c&oacute; bản lề phẳng, được thiết kế ch&iacute;nh x&aacute;c gi&uacute;p dễ d&agrave;ng chia sẻ nội dung với người kh&aacute;c.</p>\r\n\r\n<p><img alt=\"Laptop Asus VivoBook A1503ZA\" src=\"https://hanoicomputercdn.com/media/lib/08-08-2022/hacom-asus-vivobook-a1503za-6.png\" style=\"height:768px; width:1024px\" /></p>\r\n\r\n<h3>B&Agrave;N PH&Iacute;M C&Ocirc;NG TH&Aacute;I HỌC</h3>\r\n\r\n<p>Sứ mệnh của ch&uacute;ng t&ocirc;i tại ASUS l&agrave; n&acirc;ng cao khả năng tương t&aacute;c của con người với c&ocirc;ng nghệ l&ecirc;n một cấp độ cao hơn v&agrave; trực quan hơn bao giờ hết. B&agrave;n ph&iacute;m ASUS ErgoSense mới nhất được thiết kế để mang lại trải nghiệm nhập liệu tốt. Sự thoải m&aacute;i của bạn l&agrave; ưu ti&ecirc;n cao nhất. Trải nghiệm b&agrave;n ph&iacute;m ErgoSense v&agrave; bạn sẽ sớm thấy thoải m&aacute;i khi l&agrave;m việc l&acirc;u với chiếc Vivobook 15X của m&igrave;nh.</p>\r\n\r\n<p><img alt=\"Laptop Asus VivoBook A1503ZA\" src=\"https://hanoicomputercdn.com/media/lib/08-08-2022/hacom-asus-vivobook-a1503za-7.png\" style=\"height:768px; width:1024px\" /></p>\r\n\r\n<h3>AN TO&Agrave;N V&Agrave; BẢO MẬT</h3>\r\n\r\n<p>Tấm chắn webcam vật l&yacute; v&agrave; mở kh&oacute;a bằng một lần chạm với cảm biến v&acirc;n tay t&iacute;ch hợp<br />\r\n&nbsp;</p>\r\n\r\n<p><img alt=\"Laptop Asus VivoBook A1503ZA\" src=\"https://hanoicomputercdn.com/media/lib/08-08-2022/hacom-asus-vivobook-a1503za-8.png\" style=\"height:768px; width:1024px\" /></p>\r\n\r\n<h3>KẾT NỐI ĐA DẠNG</h3>\r\n\r\n<p>Vivobook 15X OLED gi&uacute;p bạn kết nối đầy đủ với c&aacute;c cổng I / O. C&oacute; một cổng USB-C &reg; 3.2 Gen 1, hai cổng USB 3.2 Gen 1 Type-A, một cổng USB 2.0, đầu ra HDMI &reg; v&agrave; giắc cắm kết hợp &acirc;m thanh - v&igrave; vậy thật dễ d&agrave;ng kết nối tất cả c&aacute;c thiết bị ngoại vi, m&agrave;n h&igrave;nh v&agrave; m&aacute;y chiếu hiện c&oacute; của bạn.</p>\r\n\r\n<p><img alt=\"Laptop Asus VivoBook A1503ZA\" src=\"https://hanoicomputercdn.com/media/lib/08-08-2022/hacom-asus-vivobook-a1503za-9.png\" style=\"height:768px; width:1024px\" /></p>\r\n\r\n<h3>KHẢ NĂNG N&Acirc;NG CẤP&nbsp;</h3>\r\n\r\n<p><img alt=\"Laptop Asus VivoBook A1503ZA\" src=\"https://hanoicomputercdn.com/media/lib/16-08-2022/hacom-asus-vivobook-a1503za-1a.png\" /></p>\r\n', 0, 0),
(147, 2, 'Laptop Asus ZenBook UX363EA-HP726W', 23299000, '61632_laptop_asus_zenbook_ux363ea.jpg', 10, '2022-08-28 15:51:35', '2025-12-16 13:33:31', 'Asus', '<p><img alt=\"\" src=\"http://localhost/webbanhang/public/storage/test/61632_laptop_asus_zenbook_ux363ea_1.png\" style=\"height:850px; width:850px\" /><img alt=\"\" src=\"http://localhost/webbanhang/public/storage/test/61632_laptop_asus_zenbook_ux363ea_2.png\" style=\"height:850px; width:850px\" /><img alt=\"\" src=\"http://localhost/webbanhang/public/storage/test/61632_laptop_asus_zenbook_ux363ea_3.png\" style=\"height:850px; width:850px\" /><img alt=\"\" src=\"http://localhost/webbanhang/public/storage/test/61632_laptop_asus_zenbook_ux363ea_4.png\" style=\"height:850px; width:850px\" /><img alt=\"\" src=\"http://localhost/webbanhang/public/storage/test/61632_laptop_asus_zenbook_ux363ea_5.png\" style=\"height:850px; width:850px\" /></p>\r\n', '<h2>Đ&aacute;nh gi&aacute; Laptop Asus ZenBook UX363EA-HP726W (i5 1135G7/8GB RAM/512GB SSD/13.3 FHD Cảm ứng/Win11/C&aacute;p/B&uacute;t/T&uacute;i/X&aacute;m)</h2>\r\n\r\n<p><img alt=\"Laptop Asus ZenBook UX363\" src=\"https://hanoicomputercdn.com/media/lib/25-05-2022/laptop-asus-zenbook-ux363-0.jpeg\" style=\"height:600px; width:800px\" /></p>\r\n\r\n<p><strong>Lưu &yacute;:&nbsp;</strong><em>B&agrave;i viết v&agrave; h&igrave;nh ảnh chỉ c&oacute; t&iacute;nh chất tham khảo v&igrave; cấu h&igrave;nh v&agrave; đặc t&iacute;nh sản phẩm c&oacute; thể thay đổi theo thị trường v&agrave; từng phi&ecirc;n bản. Qu&yacute; kh&aacute;ch cần cấu h&igrave;nh cụ thể vui l&ograve;ng li&ecirc;n hệ với c&aacute;c tư vấn vi&ecirc;n để được trợ gi&uacute;p.</em></p>\r\n\r\n<h3>LINH HOẠT ĐA PHONG C&Aacute;CH</h3>\r\n\r\n<p><br />\r\nBản lề ErgoLift 360&deg; linh hoạt tr&ecirc;n ZenBook Flip 13 mang lại chuyển động &ecirc;m mượt v&agrave; giữ m&agrave;n h&igrave;nh chắc chắn ở mọi g&oacute;c lật. Thiết kế mang tới sự linh hoạt, cho ph&eacute;p bạn l&agrave;m việc hoặc thư gi&atilde;n ở mọi chế độ mong muốn: m&aacute;y t&iacute;nh x&aacute;ch tay, m&agrave;n h&igrave;nh kiểu m&aacute;i lều, gập đứng hoặc m&aacute;y t&iacute;nh bảng. Bản lề ErgoLift c&ograve;n được thử nghiệm khắt khe để đảm bảo độ bền bỉ tối đa, để người d&ugrave;ng c&oacute; thể y&ecirc;n t&acirc;m tuyệt đối.</p>\r\n\r\n<p><img alt=\"Laptop Asus ZenBook UX363\" src=\"https://hanoicomputercdn.com/media/lib/25-05-2022/laptop-asus-zenbook-ux363-1.png\" style=\"height:768px; width:1024px\" /></p>\r\n\r\n<h3>MỎNG NHẸ, TIỆN LỢI</h3>\r\n\r\n<p><a href=\"https://hacom.vn/laptop-asus\">Laptop Asus</a>&nbsp;ZenBook Flip 13 được thiết kế để mang tới sự linh hoạt tiện lợi. Trọng lượng nhẹ đ&aacute;ng ngạc nhi&ecirc;n &mdash; chỉ 1,3 kg &mdash; v&agrave; mỏng 13,9mm khiến đ&acirc;y trở th&agrave;nh lựa chọn ho&agrave;n hảo cho c&aacute;c t&aacute;c vụ s&aacute;ng tạo v&agrave; hiệu suất trong l&uacute;c di chuyển. D&ugrave; c&oacute; thiết kế si&ecirc;u mỏng, ZenBook Flip 13 được trang bị c&aacute;c t&ugrave;y chọn cổng I/O: c&oacute; HDMI, USB Type-A v&agrave; hai cổng Thunderbolt&trade; 4 USB-C&reg;, đ&acirc;y l&agrave; chiếc m&aacute;y t&iacute;nh x&aacute;ch tay xoay lật mỏng nhất thế giới t&iacute;ch hợp số lượng cổng kết nối đầy ấn tượng!</p>\r\n\r\n<h3><img alt=\"Laptop Asus ZenBook UX363\" src=\"https://hanoicomputercdn.com/media/lib/25-05-2022/laptop-asus-zenbook-ux363-2.png\" style=\"height:768px; width:1024px\" />THỜI LƯỢNG PIN L&Acirc;U</h3>\r\n\r\n<p>ZenBook Flip 13 sử dụng vi&ecirc;n pin dung lượng lớn sẽ kh&ocirc;ng l&agrave;m bạn thất vọng, cho d&ugrave; ng&agrave;y l&agrave;m việc của bạn d&agrave;i v&agrave; c&oacute; đ&ograve;i hỏi khắt khe như thế n&agrave;o đi chăng nữa. C&ocirc;ng nghệ sạc nhanh cho ph&eacute;p bạn sạc 60% dung lượng pin chỉ trong 49 ph&uacute;t, nhờ đ&oacute; bạn c&oacute; thể l&agrave;m việc năng suất hơn bao giờ hết. C&ocirc;ng nghệ USB-C Easy Charge của ASUS cho ph&eacute;p bạn sử dụng nhiều bộ sạc USB-C ti&ecirc;u chuẩn kh&aacute;c nhau để c&oacute; thể sạc trong l&uacute;c di chuyển một c&aacute;ch tiện lợi.</p>\r\n\r\n<p><img alt=\"Laptop Asus ZenBook UX363\" src=\"https://hanoicomputercdn.com/media/lib/25-05-2022/laptop-asus-zenbook-ux363-3.png\" style=\"height:768px; width:1024px\" /></p>\r\n\r\n<h3>M&Agrave;N H&Igrave;NH CHUẨN M&Agrave;U</h3>\r\n\r\n<p>Giới nghệ sĩ, nhiếp ảnh gia v&agrave; nh&agrave; thiết kế sẽ th&iacute;ch sự kết hợp giữa m&agrave;n h&igrave;nh NanoEdge v&agrave; b&uacute;t ASUS Pen t&ugrave;y chọn. M&agrave;n h&igrave;nh cảm ứng mượt như lụa hỗ trợ 4096 cấp độ nhạy &aacute;p lực của b&uacute;t ASUS Pen, mang tới trải nghiệm n&acirc;ng cấp khiến ZenBook Flip 13 trở th&agrave;nh lựa chọn ho&agrave;n hảo cho nhu cầu bi&ecirc;n tập trực quan, ghi ch&uacute; v&agrave; s&aacute;ng tạo th&ocirc;ng thường trong bất kỳ ứng dụng được hỗ trợ n&agrave;o.&nbsp;</p>\r\n\r\n<p><img alt=\"Laptop Asus ZenBook UX363\" src=\"https://hanoicomputercdn.com/media/lib/25-05-2022/laptop-asus-zenbook-ux363-4.png\" style=\"height:768px; width:1024px\" /></p>\r\n\r\n<h3>HIỆU SUẤT SI&Ecirc;U MƯỢT</h3>\r\n\r\n<p>M&aacute;y t&iacute;nh ZenBook Flip 13 linh hoạt mang tới hiệu năng v&ocirc; song. Từng linh kiện đều được tuyển chọn v&agrave; tinh chỉnh để mang lại hiệu năng xuất sắc nhất c&oacute; thể. Kết quả cuối c&ugrave;ng l&agrave; một cỗ m&aacute;y si&ecirc;u gọn nhẹ, linh hoạt v&agrave; nhanh hơn bao giờ hết. Sức mạnh xử l&yacute; thế hệ mới lu&ocirc;n mang lại trải nghiệm mượt m&agrave; nhất, cho d&ugrave; t&aacute;c vụ phức tạp tới mức n&agrave;o.</p>\r\n\r\n<p><img alt=\"Laptop Asus ZenBook UX363\" src=\"https://hanoicomputercdn.com/media/lib/25-05-2022/laptop-asus-zenbook-ux363-5.png\" style=\"height:768px; width:1024px\" /></p>\r\n\r\n<h3>ASUS WIFI MASTER PREMIUM</h3>\r\n\r\n<p>ASUS cung cấp đa dạng c&aacute;c giải ph&aacute;p kết nối kh&ocirc;ng d&acirc;y to&agrave;n diện. WiFi 6 tr&ecirc;n ZenBook Flip 13 cho ph&eacute;p bạn tải nội dung trực tuyến chỉ trong nh&aacute;y mắt v&agrave; điều n&agrave;y thậm ch&iacute; c&ograve;n được cải tiến hơn nhờ c&ocirc;ng nghệ ASUS WiFi Master Premium bao gồm ASUS WiFi Stabilizer v&agrave; ASUS WiFi SmartConnect. Để cho kết nối WiFi ổn định, WiFi Stabilizer lọc ra hiện tượng nhiễu s&oacute;ng kh&ocirc;ng d&acirc;y để bạn lu&ocirc;n c&oacute; thể tận hưởng tốc độ kết nối nhanh nhất c&oacute; thể. WiFi SmartConnect tự động chọn ra nguồn WiFi mạnh nhất, để m&aacute;y t&iacute;nh x&aacute;ch tay của bạn c&oacute; thể kết nối mượt m&agrave; với s&oacute;ng WiFi v&agrave; c&aacute;c điểm ph&aacute;t hotspot di động mạnh nhất.</p>\r\n\r\n<p><img alt=\"Laptop Asus ZenBook UX363\" src=\"https://hanoicomputercdn.com/media/lib/25-05-2022/laptop-asus-zenbook-ux363-7.png\" style=\"height:768px; width:1024px\" /></p>\r\n\r\n<h3>HỆ THỐNG LOA HARMAN KARDON&nbsp;</h3>\r\n\r\n<p>Để trang bị cho ZenBook Flip 13 c&aacute;c t&iacute;nh năng &acirc;m thanh vượt trội, đội ngũ ASUS Golden Ear đ&atilde; kết hợp với c&aacute;c chuy&ecirc;n gia &acirc;m thanh của Harman Kardon để tạo ra trải nghiệm loa &acirc;m thanh nổi chất lượng cao v&agrave; hiệu ứng &acirc;m thanh v&ograve;m mang lại cho bạn chất lượng &acirc;m thanh chuẩn điện ảnh. Bộ khuếch đại th&ocirc;ng minh đặc biệt đảm bảo &acirc;m lượng tối đa với độ m&eacute;o tiếng tối thiểu cho &acirc;m thanh trong trẻo, mạnh mẽ. ZenBook Flip 13 mang đến &acirc;m thanh tuyệt vời nhất từ mọi g&oacute;c độ!<br />\r\nđ&atilde; chứng nhận</p>\r\n\r\n<p><img alt=\"Laptop Asus ZenBook UX363\" src=\"https://hanoicomputercdn.com/media/lib/25-05-2022/laptop-asus-zenbook-ux363-9.png\" style=\"height:768px; width:1024px\" /></p>\r\n\r\n<h3>ĐỘ BỀN TI&Ecirc;U CHUẨN QU&Acirc;N ĐỘI</h3>\r\n\r\n<p><img alt=\"Laptop Asus ZenBook UX363\" src=\"https://hanoicomputercdn.com/media/lib/25-05-2022/laptop-asus-zenbook-ux363-9.png\" style=\"height:768px; width:1024px\" /></p>\r\n\r\n<h3>KẾT NỐI ĐA DẠNG, TIỆN LỢI</h3>\r\n\r\n<p>Một tập hợp đầy đủ c&aacute;c cổng kết nối I/O hiệu năng cao mang đến cho ZenBook Flip 13 khả năng kết nối cần thiết để mang đến độ linh hoạt cao cho d&ugrave; bạn đang ở văn ph&ograve;ng hay di chuyển tr&ecirc;n đường. Thậm ch&iacute; m&aacute;y c&ograve;n được trang bị cổng HDMI v&agrave; USB Type-A &mdash; một t&iacute;nh năng trang bị ấn tượng trong khung m&aacute;y mảnh dẻ &mdash; c&ugrave;ng với hai cổng Thunderbolt 4 USB-C được hỗ trợ chuẩn Power Delivery v&agrave; DisplayPort cho ph&eacute;p kết nối linh hoạt v&agrave; si&ecirc;u nhanh.<br />\r\nUSB 3.2 thế hệ thứ 1HDMIThunderbolt&trade; 4 USB-C&reg;</p>\r\n\r\n<p><img alt=\"Laptop Asus ZenBook UX363\" src=\"https://hanoicomputercdn.com/media/lib/25-05-2022/laptop-asus-zenbook-ux363-6.png\" style=\"height:768px; width:1024px\" /></p>\r\n\r\n<h3>KHẢ NĂNG N&Acirc;NG CẤP</h3>\r\n\r\n<p><img alt=\"Laptop Asus ZenBook UX363\" src=\"https://hanoicomputercdn.com/media/lib/25-05-2022/laptop-asus-zenbook-ux363-10.png\" style=\"height:768px; width:1024px\" /></p>\r\n', 4, 1),
(148, 2, 'Laptop Asus Gaming ROG Strix G513IH-HN015W', 19349000, '63683_rog_strix_g513ih_hn015w_win11_xam.png', 10, '2022-08-28 15:56:23', '2022-08-28 20:27:17', 'Asus', '<p><img alt=\"\" src=\"http://localhost/webbanhang/public/storage/test/63683_asus_gaming_rog_strix_g513_15.jpeg\" style=\"height:850px; width:850px\" /><img alt=\"\" src=\"http://localhost/webbanhang/public/storage/test/63683_asus_gaming_rog_strix_g513_16.jpeg\" style=\"height:850px; width:850px\" /><img alt=\"\" src=\"http://localhost/webbanhang/public/storage/test/63683_asus_gaming_rog_strix_g513_17.jpeg\" style=\"height:850px; width:850px\" /><img alt=\"\" src=\"http://localhost/webbanhang/public/storage/test/63683_asus_gaming_rog_strix_g513_18.jpeg\" style=\"height:850px; width:850px\" /><img alt=\"\" src=\"http://localhost/webbanhang/public/storage/test/63683_asus_gaming_rog_strix_g513_19.jpeg\" style=\"height:850px; width:850px\" /><img alt=\"\" src=\"http://localhost/webbanhang/public/storage/test/63683_asus_gaming_rog_strix_g513_20.jpeg\" style=\"height:850px; width:850px\" /></p>\r\n', '<h2>Đ&aacute;nh gi&aacute; Laptop Asus Gaming ROG Strix G513IH-HN015W (R7 4800H/8GB RAM/512GB SSD/15.6 FHD 144hz/GTX1650 4GB/Win11/X&aacute;m)</h2>\r\n\r\n<p><img alt=\"Laptop Asus Gaming ROG Strix G513\" src=\"https://hanoicomputercdn.com/media/lib/10-05-2022/rog-strix-g513-hacom-10.jpeg\" style=\"height:600px; width:800px\" /></p>\r\n\r\n<p><strong>Lưu &yacute;:&nbsp;</strong><em>B&agrave;i viết v&agrave; h&igrave;nh ảnh chỉ c&oacute; t&iacute;nh chất tham khảo v&igrave; cấu h&igrave;nh v&agrave; đặc t&iacute;nh sản phẩm c&oacute; thể thay đổi theo thị trường v&agrave; từng phi&ecirc;n bản. Qu&yacute; kh&aacute;ch cần cấu h&igrave;nh cụ thể vui l&ograve;ng xem bảng th&ocirc;ng số kĩ thuật hoặc hỏi kinh doanh trước khi mua.</em><em>&nbsp;</em></p>\r\n\r\n<p>ROG Strix series l&agrave;&nbsp;<a href=\"https://www.hacom.vn/collection/laptop-gaming\" rel=\"noopener\" target=\"_blank\">laptop gaming</a>&nbsp;esports với m&agrave;n h&igrave;nh nhanh nhất thế giới 300Hz. Ngo&agrave;i ra, ASUS cũng cung cấp t&ugrave;y chọn 2K 165Hz v&agrave; Full HD 60/144hz cho một số phi&ecirc;n bản. Năm nay, Strix SCAR được trang bị khả năng l&agrave;m m&aacute;t đột ph&aacute; với keo tản nhiệt kim loại lỏng tr&ecirc;n CPU.</p>\r\n\r\n<p>Năm nay, Strix SCAR c&oacute; th&acirc;n m&aacute;y nhỏ gọn hơn tới 7% v&agrave; được trang bị chiếu nghỉ tay soft-touch dễ chịu c&ugrave;ng với vi&ecirc;n pin 90Wh v&agrave; sạc type-C cung cấp đủ năng lượng cho bạn trong mọi h&agrave;nh tr&igrave;nh. Ngo&agrave;i ra, m&aacute;y cũng hỗ trợ dải đ&egrave;n LED đa m&agrave;u sắc, t&iacute;nh năng Keystone II v&agrave; khả năng thay đổi Armor Cap để người d&ugrave;ng thể hiện phong c&aacute;ch v&agrave; c&aacute; t&iacute;nh ri&ecirc;ng.</p>\r\n\r\n<p><img alt=\"Laptop Asus Gaming ROG Strix G513\" src=\"https://hanoicomputercdn.com/media/lib/10-05-2022/rog-strix-g513-hacom-1.png\" style=\"height:768px; width:1024px\" /></p>\r\n\r\n<h3>Hiệu năng mạnh mẽ</h3>\r\n\r\n<p>Hỗ trợ l&ecirc;n đến CPU Ryzen &trade; 7&nbsp; v&agrave; GPU GeForce&reg; RTX/GTX mới nhất cho tốc độ nhanh, hiệu năng mạnh mẽ v&agrave; hoạt động y&ecirc;n tĩnh (dưới 45dB ở Chế độ Turbo)/&nbsp;Với hiệu suất đ&aacute;ng nể n&agrave;y, kh&ocirc;ng c&oacute; tựa games n&agrave;o c&oacute; thể l&agrave;m kh&oacute; ROG Strix SCAR15. M&atilde;y cũng hỗ trợ 2 khe RAM DDR4 3200MHz, n&acirc;ng cấp l&ecirc;n đến 64GB v&agrave; 2 khe SSD M.2 PCIe NVMe.</p>\r\n\r\n<p><img alt=\"Laptop Asus Gaming ROG Strix G513\" src=\"https://hanoicomputercdn.com/media/lib/10-05-2022/rog-strix-g513-hacom-2-.png\" style=\"height:768px; width:1024px\" /></p>\r\n\r\n<h3>Tản nhiệt si&ecirc;u khủng</h3>\r\n\r\n<p>Nhiệt độ l&agrave; vấn đề quan ngại nhất với c&aacute;c mẫu laptop gaming. Tuy nhi&ecirc;n tr&ecirc;n mẫu&nbsp;<a href=\"https://www.hacom.vn/laptop-asus\" rel=\"noopener\" target=\"_blank\">laptop Asus</a>&nbsp;n&agrave;y c&oacute; khả năng l&agrave;m m&aacute;t đột ph&aacute; với keo tản nhiệt kim loại lỏng tr&ecirc;n CPU, gi&uacute;p hệ thống hoạt động m&aacute;t hơn keo tản nhiệt gốm truyền thống. Hệ thống tản nhiệt n&acirc;ng cấp mạnh l&ecirc;n đến 6 ống đồng v&agrave; 4 khe tản nhiệt c&oacute; k&iacute;ch thước lớn. Nhờ đ&oacute;, ROG Strix series c&oacute; thể hoạt động mạnh - m&aacute;t - &ecirc;m &aacute;i. Độ ồn kh&ocirc;ng qu&aacute; 45dB ở chế độ turbo, y&ecirc;n tĩnh hơn so với c&aacute;c sản phẩm đối thủ.</p>\r\n\r\n<p><img alt=\"Laptop Asus Gaming ROG Strix G513\" src=\"https://hanoicomputercdn.com/media/lib/10-05-2022/rog-strix-g513-hacom-3.png\" style=\"height:768px; width:1024px\" /></p>\r\n\r\n<h3>Chiến game tốc độ cao si&ecirc;u mượt</h3>\r\n\r\n<p>Chiến game mượt m&agrave; với m&agrave;n h&igrave;nh FHD 144Hz với Adaptive-Sync gi&uacute;p triệt ti&ecirc;u hiện tượng x&eacute; h&igrave;nh. Viền mỏng 4,5mm ở 3 cạnh gi&uacute;p giảm thiểu sự ph&acirc;n t&acirc;m cho trải nghiệm đắm ch&igrave;m.</p>\r\n\r\n<p><img alt=\"Laptop Asus Gaming ROG Strix G513\" src=\"https://hanoicomputercdn.com/media/lib/10-05-2022/rog-strix-g513-hacom-4.png\" style=\"height:768px; width:1024px\" /></p>\r\n\r\n<h3>B&agrave;n ph&iacute;m cơ quang học si&ecirc;u nhạy</h3>\r\n\r\n<p>ROG Strix SCAR series được trang bị b&agrave;n ph&iacute;m cơ quang học (Optical Mechanical Keyboard) gi&uacute;p c&aacute;c thao t&aacute;c lệnh được nhận nhanh v&agrave; ch&iacute;nh x&aacute;c. Từ đ&oacute; c&aacute;c game thủ chuy&ecirc;n nghiệp c&oacute; thể tung những skill đ&uacute;ng thời điểm v&agrave; tạo lợi thế cho chiến thắng. B&agrave;n ph&iacute;m n&agrave;y cũng c&oacute; độ bền đ&aacute;ng kể hơn b&agrave;n ph&iacute;m cao su b&igrave;nh thường tr&ecirc;n laptop.</p>\r\n\r\n<p><img alt=\"Laptop Asus Gaming ROG Strix G513\" src=\"https://hanoicomputercdn.com/media/lib/10-05-2022/rog-strix-g513-hacom-5.png\" style=\"height:768px; width:1024px\" /></p>\r\n\r\n<h3>Tỏa s&aacute;ng với đ&egrave;n LED RGB rực rỡ</h3>\r\n\r\n<p>Hệ thống đ&egrave;n LED đa m&agrave;u sắc nổi bật tại viền mặt đ&aacute;y của m&aacute;y, dưới viền m&agrave;n h&igrave;nh, cũng như đ&egrave;n b&agrave;n ph&iacute;m RGB Per-Key. Người d&ugrave;ng c&oacute; thể dễ d&agrave;ng t&ugrave;y chỉnh. Mặt lưng nh&ocirc;m cứng c&aacute;p cho khung m&aacute;y b&oacute;ng bẩy với th&acirc;n m&aacute;y nhỏ hơn tới 7% so với thế hệ trước. Chiếu nghỉ tay phủ vật liệu soft-touch dễ chịu. Kết nối Keystone II để nhanh ch&oacute;ng khởi chạy một loạt c&aacute;c chức năng linh hoạt, th&ecirc;m m&agrave;u sắc nổi bật với Armor Cap t&ugrave;y chỉnh v&agrave; điều khiển hệ thống đ&egrave;n với AURA Sync.</p>\r\n\r\n<h3>Lu&ocirc;n sẵn s&agrave;ng cho mọi h&agrave;nh tr&igrave;nh</h3>\r\n\r\n<p>Vi&ecirc;n pin 90Wh cung cấp đủ năng lượng để l&agrave;m việc d&agrave;i trong ng&agrave;y. Sạc chuẩn Type-C 100W cho ph&eacute;p k&eacute;o d&agrave;i thời gian sử dụng từ c&aacute;c bộ sạc tương th&iacute;ch.</p>\r\n\r\n<p><img alt=\"Laptop Asus Gaming ROG Strix G513\" src=\"https://hanoicomputercdn.com/media/lib/10-05-2022/rog-strix-g513-hacom-6.png\" style=\"height:768px; width:1024px\" /></p>\r\n\r\n<h3>&Acirc;m thanh trong trẻo</h3>\r\n\r\n<p>Hệ thống 4 loa c&ocirc;ng suất cao được hỗ trợ bởi Dolby Atmos mang đến &acirc;m thanh v&ograve;m với chất lượng &acirc;m thanh như ph&ograve;ng thu, đồng thời, t&iacute;nh năng chống ồn AI hai chiều đảm bảo việc ghi &acirc;m giọng n&oacute;i r&otilde; r&agrave;ng để ph&aacute;t trực tuyến v&agrave; hơn thế nữa.</p>\r\n\r\n<p><img alt=\"Laptop Asus Gaming ROG Strix G513\" src=\"https://hanoicomputercdn.com/media/lib/10-05-2022/rog-strix-g513-hacom-7.png\" style=\"height:768px; width:1024px\" /></p>\r\n\r\n<h3>Mở rộng bảo h&agrave;nh dễ d&agrave;ng</h3>\r\n\r\n<p>Với dịch vụ ASUS Premium Care, người d&ugrave;ng c&oacute; thể dễ d&agrave;ng mua th&ecirc;m một năm bảo h&agrave;nh chỉ với gi&aacute; $100 th&ocirc;ng qua c&ocirc;ng cụ MYASUS được c&agrave;i đặt sẵn tr&ecirc;n thiết bị</p>\r\n\r\n<p><img alt=\"Laptop Asus Gaming ROG Strix G513\" src=\"https://hanoicomputercdn.com/media/lib/10-05-2022/rog-strix-g513-hacom-8.jpeg\" style=\"height:900px; width:1600px\" /></p>\r\n\r\n<h3>Khả năng n&acirc;ng cấp</h3>\r\n\r\n<p><img alt=\"Laptop Asus Gaming ROG Strix G513\" src=\"https://hanoicomputercdn.com/media/lib/10-05-2022/rog-strix-g513-hacom-9.png\" style=\"height:768px; width:1024px\" /></p>\r\n\r\n<p>&nbsp;</p>\r\n', 0, 0),
(149, 2, 'Apple Macbook Pro 13 (Z16T0003V)(2022)', 38699000, '67346_hacom_macbook_pro_13_6.png', 10, '2022-08-28 16:01:04', '2022-08-28 20:27:17', 'Apple', '<p><img alt=\"\" src=\"http://localhost/webbanhang/public/storage/test/67346_hacom_macbook_pro_13_5.png\" style=\"height:850px; width:850px\" /><img alt=\"\" src=\"http://localhost/webbanhang/public/storage/test/67346_hacom_macbook_pro_13_4.png\" style=\"height:850px; width:850px\" /><img alt=\"\" src=\"http://localhost/webbanhang/public/storage/test/67346_hacom_macbook_pro_13_3.png\" style=\"height:850px; width:850px\" /><img alt=\"\" src=\"http://localhost/webbanhang/public/storage/test/67346_hacom_macbook_pro_13_2.png\" style=\"height:850px; width:850px\" /><img alt=\"\" src=\"http://localhost/webbanhang/public/storage/test/67346_hacom_macbook_pro_13_1.png\" style=\"height:850px; width:850px\" /></p>\r\n', '<h2>Đ&aacute;nh gi&aacute; Apple Macbook Pro 13 (Z16T0003V) (Apple M2 /8C CPU/10C GPU/16GB RAM/256GB SSD/13.3 inch/Mac OS/Bạc) (2022)</h2>\r\n\r\n<p><img alt=\"Apple Macbook Pro 13\" src=\"https://hanoicomputercdn.com/media/lib/20-08-2022/hacom-macbook-pro-13-m2-1.jpg\" style=\"height:768px; width:1024px\" /></p>\r\n\r\n<p><strong>Lưu &yacute;:&nbsp;</strong><em>B&agrave;i viết v&agrave; h&igrave;nh ảnh chỉ c&oacute; t&iacute;nh chất tham khảo v&igrave; cấu h&igrave;nh v&agrave; đặc t&iacute;nh sản phẩm c&oacute; thể thay đổi theo thị trường v&agrave; từng phi&ecirc;n bản. Qu&yacute; kh&aacute;ch cần cấu h&igrave;nh cụ thể vui l&ograve;ng li&ecirc;n hệ với c&aacute;c tư vấn vi&ecirc;n để được trợ gi&uacute;p.</em></p>\r\n\r\n<p>Thiết kế thanh lịch, sang trọng c&ugrave;ng hiệu năng vượt trội đến từ vi xử l&yacute; t&acirc;n tiến Apple M2 c&oacute; trong Macbook Pro M2, hứa hẹn sẽ mang lại nhiều gi&aacute; trị cho người d&ugrave;ng s&aacute;ng tạo, phục vụ tốt nhu cầu thiết kế đồ hoạ n&acirc;ng cao.</p>\r\n\r\n<h3>Thiết kế quyến rũ, biểu tượng cho sự ho&agrave;n mỹ thu h&uacute;t mọi &aacute;nh nh&igrave;n</h3>\r\n\r\n<p>Macbook Pro được chế t&aacute;c từ lớp vỏ kim loại nguy&ecirc;n khối to&aacute;t l&ecirc;n vẻ đẹp của chiếc laptop cao cấp - sang trọng. Trọng lượng m&aacute;y chỉ 1.4 kg v&agrave; mỏng 15.6 mm đem đến sự cơ động cho bạn dễ d&agrave;ng bỏ v&agrave;o balo để mang theo b&ecirc;n m&igrave;nh.</p>\r\n\r\n<p><img alt=\"Apple Macbook Pro 13\" src=\"https://hanoicomputercdn.com/media/lib/20-08-2022/hacom-macbook-pro-13-m2-2.jpg\" style=\"height:570px; width:1020px\" /></p>\r\n\r\n<p>Ấn tượng trong thiết kế của Apple lu&ocirc;n l&agrave; logo t&aacute;o khuyết được đặt ch&iacute;nh giữa mặt lưng, tạo n&ecirc;n sự nhận diện thương hiệu m&agrave; ai ai cũng phải ngước nh&igrave;n mỗi khi bạn cầm tr&ecirc;n tay hay l&agrave;m việc ngo&agrave;i qu&aacute;n c&agrave; ph&ecirc;.</p>\r\n\r\n<p><strong>Magic Keyboard</strong>&nbsp;được thiết kế tinh xảo, đẹp mắt, độ nảy ổn định lu&ocirc;n mang đến sự y&ecirc;n tĩnh v&agrave; thoải m&aacute;i cho người d&ugrave;ng mỗi khi soạn thảo văn bản. Đ&egrave;n nền b&agrave;n ph&iacute;m được t&iacute;ch hợp tr&ecirc;n m&aacute;y gi&uacute;p bạn thao t&aacute;c dễ d&agrave;ng trong m&ocirc;i trường thiếu s&aacute;ng, n&acirc;ng cao trải nghiệm cho người d&ugrave;ng.</p>\r\n\r\n<p><strong>Touch Bar (thanh cảm ứng)&nbsp;</strong>vẫn được t&iacute;ch hợp tr&ecirc;n m&aacute;y như thế hệ Macbook Pro trước tạo n&ecirc;n sự thuận tiện cho bạn khi cần sử dụng để điều chỉnh với nhiều ứng dụng kh&aacute;c nhau như: k&eacute;o tua video tr&ecirc;n thanh cảm ứng, chụp m&agrave;n h&igrave;nh, điều chỉnh &acirc;m lượng,...</p>\r\n\r\n<p><img alt=\"Apple Macbook Pro 13\" src=\"https://hanoicomputercdn.com/media/lib/20-08-2022/hacom-macbook-pro-13-m2-3.jpg\" style=\"height:570px; width:1020px\" /></p>\r\n\r\n<h3>Hiệu năng vượt trội của d&ograve;ng chip thế hệ mới</h3>\r\n\r\n<p>Laptop Apple Macbook sở hữu CPU Apple M2 với 8 nh&acirc;n CPU v&agrave; 10 nh&acirc;n GPU mang lại một sức mạnh đột ph&aacute;, hỗ trợ người d&ugrave;ng chạy mượt m&agrave; c&aacute;c t&aacute;c vụ của một chiếc laptop đồ họa - kỹ thuật như thiết kế, chỉnh ảnh hay render video tr&ecirc;n c&aacute;c phần mềm của Adobe như: Photoshop, Premiere,...&nbsp;</p>\r\n\r\n<p>RAM 8/16/24 GB đem đến cho người d&ugrave;ng khả năng đa nhiệm mượt m&agrave; c&aacute;c t&aacute;c vụ như lướt web, đọc b&aacute;o, chỉnh sửa ảnh Photoshop c&ugrave;ng l&uacute;c m&agrave; vẫn hạn chế xảy ra t&igrave;nh trạng đứng m&aacute;y hay phản hồi chậm.</p>\r\n\r\n<p><img alt=\"Apple Macbook Pro 13\" src=\"https://hanoicomputercdn.com/media/lib/20-08-2022/hacom-macbook-pro-13-m2-4-.jpg\" style=\"height:569px; width:1020px\" /></p>\r\n\r\n<p>Ổ cứng SSD 256GB/512GB/1TB mang đến kh&ocirc;ng gian lưu trữ đủ d&ugrave;ng cho c&aacute;c t&aacute;c vụ văn ph&ograve;ng, thiết kế,... đồng thời tối ưu khả năng khởi động m&aacute;y hay truy cập ứng dụng nhanh ch&oacute;ng.</p>\r\n\r\n<h3>Thao t&aacute;c nhanh hơn với bộ đ&ocirc;i chip M2 v&agrave; MacOS</h3>\r\n\r\n<p>Chiếc MacBook M2 được c&aacute;c t&iacute;n đồ c&ocirc;ng nghệ đ&aacute;nh gi&aacute; cao khi sản xuất tr&ecirc;n tiến tr&igrave;nh 5 nm với 20 tỷ b&oacute;ng b&aacute;n dẫn, nhiều hơn 25% so với M1 điều n&agrave;y gi&uacute;p chiếc m&aacute;y vận h&agrave;nh trơn tru nhưng tiết kiệm điện năng hơn. Bộ điều khiển cung cấp băng th&ocirc;ng bộ nhớ hợp nhất 100 GB/gi&acirc;y, nhiều hơn 50% so với thế hệ tiền nhiệm gi&uacute;p m&aacute;y truyền ghi dữ liệu nhanh ch&oacute;ng hơn.</p>\r\n\r\n<p><img alt=\"Apple Macbook Pro 13\" src=\"https://hanoicomputercdn.com/media/lib/20-08-2022/hacom-macbook-pro-13-m2-5.jpg\" style=\"height:570px; width:1020px\" /></p>\r\n\r\n<p>Hệ điều h&agrave;nh macOS ph&aacute;t triển v&agrave; ph&acirc;n phối độc quyền bởi Apple được thiết kế với giao diện đẹp mắt, dễ d&ugrave;ng c&ugrave;ng kho ứng dụng đồ sộ mang đến sự tiện lợi tối đa cho mọi c&ocirc;ng việc, học tập của bạn, đồng thời gi&uacute;p cho khả năng hoạt động mượt m&agrave; hơn đ&aacute;ng kể.</p>\r\n\r\n<h3>M&agrave;n h&igrave;nh Retina kết hợp c&ocirc;ng nghệ True Tone mang lại h&igrave;nh ảnh sống động, l&ocirc;i cuốn</h3>\r\n\r\n<p>Laptop sở hữu m&agrave;n h&igrave;nh 13.3 inch c&ugrave;ng độ ph&acirc;n giải Retina (2560 x 1600) sắc n&eacute;t, m&agrave;u sắc trung thực. Độ tương phản cao nhờ độ s&aacute;ng 500 nits, c&ocirc;ng nghệ m&agrave;n h&igrave;nh IPS đem lại khả năng hiển thị r&otilde; r&agrave;ng d&ugrave; thay đổi vị tr&iacute; nh&igrave;n ở bất k&igrave; đ&acirc;u.&nbsp;</p>\r\n\r\n<p><img alt=\"Apple Macbook Pro 13\" src=\"https://hanoicomputercdn.com/media/lib/20-08-2022/hacom-macbook-pro-13-m2-6.jpg\" style=\"height:570px; width:1020px\" /></p>\r\n\r\n<p>C&ocirc;ng nghệ True tone, Wide color (P3) như một lời khẳng định của Apple mang đến m&agrave;u sắc hiển thị ch&iacute;nh x&aacute;c tối ưu khả năng l&agrave;m việc cho người d&ugrave;ng thiết kế s&aacute;ng tạo. C&aacute;c c&ocirc;ng nghệ đ&oacute; được kết hợp với nhau tạo n&ecirc;n một kh&ocirc;ng gian giải tr&iacute; để xem phim Youtube, Netflix,... sống động hơn bao giờ hết.</p>\r\n\r\n<p><img alt=\"Apple Macbook Pro 13\" src=\"https://hanoicomputercdn.com/media/lib/20-08-2022/hacom-macbook-pro-13-m2-7.jpg\" style=\"height:569px; width:1020px\" /></p>\r\n\r\n<h3>Macbook Pro M2 một studio thu nhỏ trong tầm tay</h3>\r\n\r\n<p>Kh&ocirc;ng gian giải tr&iacute; của c&aacute;c sản phẩm nh&agrave; Apple chưa bao giờ l&agrave;m người d&ugrave;ng thất vọng khi sở hữu loa k&eacute;p (2 k&ecirc;nh) c&ugrave;ng c&ocirc;ng nghệ Wide Stereo v&agrave; Dolby Atmos, mang đến chất lượng &acirc;m thanh tr&ecirc;n cả tuyệt vời, đắm ch&igrave;m người d&ugrave;ng v&agrave;o những bản nhạc du dương lan tỏa khắp căn ph&ograve;ng.&nbsp;</p>\r\n\r\n<p><img alt=\"Apple Macbook Pro 13\" src=\"https://hanoicomputercdn.com/media/lib/20-08-2022/hacom-macbook-pro-13-m2-8.jpg\" style=\"height:570px; width:1020px\" /></p>\r\n\r\n<p>M&aacute;y được t&iacute;ch hợp 720p FaceTime Camera cho khả năng hiển thị sắc n&eacute;t gi&uacute;p bạn lu&ocirc;n tươi tắn trong mọi buổi họp hay lớp học trực tuyến. 3 microphones cho ph&eacute;p người d&ugrave;ng thu tiếng tốt hơn, kh&ocirc;ng bị r&egrave;, khử tiếng ồn tốt v&agrave; mang lại sự ổn định khi giao tiếp, hỗ trợ cho qu&aacute; tr&igrave;nh học tập trực tuyến hay gọi điện video tiện lợi hơn.</p>\r\n\r\n<p><img alt=\"Apple Macbook Pro 13\" src=\"https://hanoicomputercdn.com/media/lib/20-08-2022/hacom-macbook-pro-13-m2-9.jpg\" style=\"height:570px; width:1020px\" /></p>\r\n\r\n<p>Tự h&agrave;o l&agrave; doanh nghiệp đứng đầu trong khả năng bảo mật v&agrave; ri&ecirc;ng tư với t&iacute;nh năng bảo mật v&acirc;n tay t&iacute;ch hợp ph&iacute;m nguồn ngang với thanh cảm ứng Touch Bar tr&ecirc;n m&aacute;y, gi&uacute;p người d&ugrave;ng khởi động m&aacute;y nhanh ch&oacute;ng hơn kiểu nhập mật khẩu truyền thống đồng thời đảm bảo tối đa khả năng bảo mật dữ liệu c&aacute; nh&acirc;n của người d&ugrave;ng.</p>\r\n\r\n<h3>Kết nối si&ecirc;u nhanh</h3>\r\n\r\n<p>Laptop trang bị 2 cổng Thunderbolt 3 được t&iacute;ch hợp sạc pin, truyền dữ liệu nhanh ch&oacute;ng với băng th&ocirc;ng 40 Gbps v&agrave; Jack tai nghe 3.5 mm, ph&ugrave; hợp với nhiều loại tai nghe phổ biến tr&ecirc;n thị trường.</p>\r\n\r\n<p><img alt=\"Apple Macbook Pro 13\" src=\"https://hanoicomputercdn.com/media/lib/20-08-2022/hacom-macbook-pro-13-m2-10.jpg\" style=\"height:570px; width:1020px\" /></p>\r\n\r\n<p>Đảm bảo cho tốc độ truyền tải mượt m&agrave; hơn tr&ecirc;n mọi t&aacute;c vụ m&agrave; kh&ocirc;ng lo gi&aacute;n đoạn giữa chừng khi bạn l&agrave;m việc nhờ Wi-Fi 6 (802.11ax) c&oacute; băng th&ocirc;ng tăng 40% so với thế hệ tiền nhiệm.</p>\r\n\r\n<h3>Khả năng n&acirc;ng cấp</h3>\r\n\r\n<p><img alt=\"Apple Macbook Pro 13\" src=\"https://hanoicomputercdn.com/media/lib/20-08-2022/hacom-macbook-pro-13-m2-11.jpg\" style=\"height:768px; width:1024px\" /></p>\r\n\r\n<p>Tổng kết lại, laptop&nbsp;MacBook Pro M2&nbsp;2022 sẽ đem đến cho người d&ugrave;ng sự cộng hưởng trong thiết kế đẳng cấp v&agrave; hiệu năng vượt trội. Tất cả t&iacute;nh năng t&acirc;n tiến sẽ được Apple &aacute;p dụng, phục vụ tối ưu nhất cho c&ocirc;ng việc s&aacute;ng tạo thiết kế đồ họa n&acirc;ng cao trong chiếc laptop mỏng nhẹ.</p>\r\n', 0, 0),
(150, 2, 'Apple Macbook Air 13 (MGNE3SA/A)', 31399000, '56566_macbook_air_m1__4_.png', 10, '2022-08-28 16:04:31', '2022-08-28 20:27:17', 'Apple', '<p><img alt=\"\" src=\"http://localhost/webbanhang/public/storage/test/56566_macbook_air_m1__3_.png\" style=\"height:850px; width:850px\" /><img alt=\"\" src=\"http://localhost/webbanhang/public/storage/test/56566_macbook_air_m1__2_.png\" style=\"height:850px; width:850px\" /><img alt=\"\" src=\"http://localhost/webbanhang/public/storage/test/56566_macbook_air_m1__1_.png\" style=\"height:850px; width:850px\" /><img alt=\"\" src=\"http://localhost/webbanhang/public/storage/test/56566_hacom_macbook_air_m1_1.jpeg\" style=\"height:522px; width:696px\" /></p>\r\n', '<h2>Đ&aacute;nh gi&aacute; Apple Macbook Air 13 (MGNE3SA/A) Bản V&agrave;ng 512GB SSD</h2>\r\n\r\n<p><strong><img alt=\"Apple Macbook Air 1\" src=\"https://hanoicomputercdn.com/media/lib/06-07-2022/hacom-macbook-air-m1-1.jpeg\" style=\"height:522px; width:696px\" /></strong></p>\r\n\r\n<p><strong>Lưu &yacute;:&nbsp;</strong><em>B&agrave;i viết v&agrave; h&igrave;nh ảnh chỉ c&oacute; t&iacute;nh chất tham khảo v&igrave; cấu h&igrave;nh v&agrave; đặc t&iacute;nh sản phẩm c&oacute; thể thay đổi theo thị trường v&agrave; từng phi&ecirc;n bản. Qu&yacute; kh&aacute;ch cần cấu h&igrave;nh cụ thể vui l&ograve;ng li&ecirc;n hệ với c&aacute;c tư vấn vi&ecirc;n để được trợ gi&uacute;p.</em></p>\r\n\r\n<p>Laptop Apple MacBook Air M1 2020 thuộc d&ograve;ng laptop cao cấp sang trọng c&oacute; cấu h&igrave;nh mạnh mẽ, chinh phục được c&aacute;c t&iacute;nh năng văn ph&ograve;ng lẫn đồ hoạ m&agrave; bạn mong muốn, thời lượng pin d&agrave;i, thiết kế mỏng nhẹ sẽ đ&aacute;p ứng tốt c&aacute;c nhu cầu l&agrave;m việc của bạn.</p>\r\n\r\n<h3>Thiết kế sang trọng, tinh tế</h3>\r\n\r\n<p>MacBook Air M1 2020 kh&ocirc;ng những thừa hưởng thiết kế mỏng nhẹ, hiện đại của c&aacute;c thế hệ trước m&agrave; c&ograve;n học hỏi th&ecirc;m phong c&aacute;ch hiện đại của c&aacute;c d&ograve;ng Macbook Pro. Trọng lượng m&aacute;y chỉ vỏn vẹn 1.29 kg v&agrave; mỏng của th&acirc;n m&aacute;y l&agrave; 16.1 mm c&oacute; t&iacute;nh cơ động cao, dễ đem theo xử l&yacute; c&ocirc;ng việc</p>\r\n\r\n<p><img alt=\"Apple Macbook Air 1\" src=\"https://hanoicomputercdn.com/media/lib/06-07-2022/hacom-macbook-air-m1-2.jpeg\" style=\"height:570px; width:1020px\" /></p>\r\n\r\n<p>Vỏ m&aacute;y được thiết kế nguy&ecirc;n khối từ nguy&ecirc;n liệu nh&ocirc;m t&aacute;i chế 100% vừa g&oacute;p phần bảo vệ m&ocirc;i trường vừa cho độ bền cao, chịu va đập tốt bảo vệ c&aacute;c linh kiện b&ecirc;n trong an to&agrave;n nếu c&oacute; xảy ra va chạm mạnh.</p>\r\n\r\n<h3>Chip Apple M1 tốc độ xử l&yacute; nhanh gấp 3.5 lần thế hệ trước</h3>\r\n\r\n<p>Chiếc MacBook n&agrave;y được trang bị con chip Apple M1 được sản xuất độc quyền bởi Nh&agrave; T&aacute;o tr&ecirc;n tiến tr&igrave;nh 5 nm, 8 l&otilde;i bao gồm 4 l&otilde;i tiết kiệm điện v&agrave; 4 l&otilde;i hiệu suất cao, mang đến một hiệu năng kinh ngạc, xử l&yacute; mọi t&aacute;c vụ văn ph&ograve;ng một c&aacute;ch mượt m&agrave; như Word, Excel, Powerpoint,... thực hiện tốt c&aacute;c nhiệm vụ chỉnh sửa h&igrave;nh ảnh, kết xuất 2D tr&ecirc;n c&aacute;c phần mềm Photoshop, AI,... m&aacute;y c&ograve;n hỗ trợ tiết kiệm được điện năng cao.</p>\r\n\r\n<p><img alt=\"Apple Macbook Air 1\" src=\"https://hanoicomputercdn.com/media/lib/06-07-2022/hacom-macbook-air-m1-3.jpeg\" style=\"height:570px; width:1020px\" /></p>\r\n\r\n<p>Đi c&ugrave;ng CPU l&agrave; card đồ họa t&iacute;ch hợp 7 nh&acirc;n GPU c&oacute; hiệu năng vượt trội sau nhiều b&agrave;i thử nghiệm hiệu năng đồ họa của benchmark, bạn c&oacute; thể sử dụng nhiều phần mềm đồ họa chuy&ecirc;n nghiệp, thoả sức s&aacute;ng tạo nội dung, render video ổn định với chất lượng h&igrave;nh ảnh cao.</p>\r\n\r\n<p>M&aacute;y được trang bị RAM 8/16gb cho khả năng đa nhiệm cao, bạn c&oacute; thể mở c&ugrave;ng l&uacute;c nhiều cửa sổ hoặc ứng dụng để phục vụ cho c&ocirc;ng việc, giải tr&iacute; của m&igrave;nh v&iacute; dụ như vừa mở Chrome tra cứu th&ocirc;ng tin vừa mở Word để l&agrave;m việc cực kỳ tiện lợi m&agrave; kh&ocirc;ng cần lo lắng l&agrave; m&aacute;y sẽ bị đơ.</p>\r\n\r\n<p><img alt=\"Apple Macbook Air 1\" src=\"https://hanoicomputercdn.com/media/lib/06-07-2022/hacom-macbook-air-m1-4.jpeg\" style=\"height:570px; width:1020px\" /></p>\r\n\r\n<p>MacBook sở hữu ổ cứng SSD 256/512/1TB cho tốc độ xử l&yacute; nhanh ch&oacute;ng, thao t&aacute;c cuộn trong Safari cực mượt, đ&aacute;nh thức m&aacute;y đang trong chế độ ngủ chỉ mất v&agrave;i gi&acirc;y v&agrave; đem đến kh&ocirc;ng gian lưu trữ rộng r&atilde;i bạn cứ thoải m&aacute;i lưu lại những bộ phim hay m&agrave; kh&ocirc;ng lo n&oacute; sẽ chiếm chỗ của c&aacute;c tệp t&agrave;i liệu c&ocirc;ng việc.</p>\r\n\r\n<p>B&ecirc;n cạnh sử dụng con chip mới Apple c&ograve;n ra mắt phi&ecirc;n bản hệ điều h&agrave;nh macOS Big Sur với giao diện ho&agrave;n hảo hơn, c&aacute;c chuyển động cuộn, ph&oacute;ng to v&agrave; chuyển tiếp m&agrave;n h&igrave;nh mượt m&agrave;. Ngo&agrave;i đổi mới giao diện macOS Big Sur c&ograve;n mang đến khả năng phản hồi nhanh ch&oacute;ng v&agrave; kho ứng dụng khổng lồ.</p>\r\n\r\n<h3>M&agrave;u sắc ch&acirc;n thực, h&igrave;nh ảnh sắc n&eacute;t&nbsp;</h3>\r\n\r\n<p>Laptop m&agrave;n h&igrave;nh Retina 13.3 inch cao cấp cho h&igrave;nh ảnh sắc n&eacute;t m&agrave;u sắc tự nhi&ecirc;n. Kết hợp c&ugrave;ng c&ocirc;ng nghệ True Tone gi&uacute;p điều chỉnh c&acirc;n bằng sắc trắng cũng như độ s&aacute;ng để m&agrave;u sắc h&igrave;nh ảnh hiển thị ch&iacute;nh x&aacute;c nhất.</p>\r\n\r\n<p><img alt=\"Apple Macbook Air 1\" src=\"https://hanoicomputercdn.com/media/lib/06-07-2022/hacom-macbook-air-m1-5.jpeg\" style=\"height:555px; width:1000px\" /></p>\r\n\r\n<p>Ngo&agrave;i ra, g&oacute;c nh&igrave;n của m&aacute;y cũng được mở rộng hơn nhờ c&oacute; c&ocirc;ng nghệ IPS đem lại trải nghiệm nh&igrave;n đ&atilde; mắt, d&ugrave; bạn nh&igrave;n m&agrave;n h&igrave;nh bằng g&oacute;c nghi&ecirc;ng.</p>\r\n\r\n<p>MacBook Air M1 được trang bị camera FaceTime HD gi&uacute;p bạn gọi video cho người th&acirc;n, bạn b&egrave; với chất lượng hiển thị cao. T&iacute;ch hợp d&atilde;y 3 micro gi&uacute;p truyền tải giọng n&oacute;i của bạn ch&iacute;nh x&aacute;c hơn.&nbsp;</p>\r\n\r\n<h3>B&agrave;n ph&iacute;m &ecirc;m &aacute;i</h3>\r\n\r\n<p>Magic Keyboard c&oacute; h&agrave;nh tr&igrave;nh ph&iacute;m 1 mm mang lại trải nghiệm g&otilde; nhạy, thoải m&aacute;i v&agrave; y&ecirc;n tĩnh, b&agrave;n ph&iacute;m c&ograve;n được trang bị th&ecirc;m đ&egrave;n nền vừa tạo cảm gi&aacute;c sang trọng vừa hỗ trợ bạn g&otilde; ph&iacute;m ch&iacute;nh x&aacute;c hơn trong m&ocirc;i trường thiếu s&aacute;ng.</p>\r\n\r\n<p><img alt=\"Apple Macbook Air 1\" src=\"https://hanoicomputercdn.com/media/lib/06-07-2022/hacom-macbook-air-m1-9.jpeg\" style=\"height:570px; width:1020px\" /></p>\r\n\r\n<h3>Bảo mật v&acirc;n tay&nbsp;</h3>\r\n\r\n<p>Apple trang bị cho chiếc Macbook M1 n&agrave;y bảo mật v&acirc;n tay gi&uacute;p bạn mở kh&oacute;a nhanh ch&oacute;ng chỉ với một c&aacute;i chạm nhẹ. B&ecirc;n cạnh đ&oacute;, v&acirc;n tay của bạn sẽ được t&iacute;ch hợp v&agrave;o việc x&aacute;c nhận th&ocirc;ng tin khi mua sắm online hay truy cập v&agrave;o c&aacute;c t&agrave;i liệu c&oacute; bảo mật m&agrave; kh&ocirc;ng cần phải nhập mật khẩu cực kỳ tiện lợi.</p>\r\n\r\n<p><img alt=\"Apple Macbook Air 1\" src=\"https://hanoicomputercdn.com/media/lib/06-07-2022/hacom-macbook-air-m1-7.jpeg\" style=\"height:570px; width:1020px\" /></p>\r\n\r\n<h3>Kết nối tốc độ cao Thunder Bolt 4</h3>\r\n\r\n<p><img alt=\"Apple Macbook Air 1\" src=\"https://hanoicomputercdn.com/media/lib/06-07-2022/hacom-macbook-air-m1-8.jpeg\" style=\"height:570px; width:1020px\" /></p>\r\n\r\n<p>Laptop được trang bị 2 cổng kết nối Thunderbolt 3 với tốc độ truyền tải l&ecirc;n đến 40 Gb/s cho tốc độ truyền tải nhanh gấp 2 lần so với thế hệ Thunderbolt 2 trước đ&acirc;y. B&ecirc;n cạnh Thunderbolt 3 m&aacute;y c&ograve;n được trang bị th&ecirc;m kết nối kh&ocirc;ng d&acirc;y l&agrave; Wi-Fi 6 cho tốc độ truyền tải dữ liệu nhanh ch&oacute;ng l&ecirc;n đến 10.000 Mbps cao hơn Wi-Fi 5 chỉ c&oacute; 7.000 Mbps v&agrave; Bluetooth v5.0 c&oacute; tốc độ tối đa l&agrave; 50 Mbps cho bạn trải nghiệm mượt m&agrave; hơn.</p>\r\n\r\n<h3>Khả năng n&acirc;ng cấp</h3>\r\n\r\n<p><img alt=\"Apple Macbook Air 1\" src=\"https://hanoicomputercdn.com/media/lib/06-07-2022/hacom-macbook-air-m1-10.jpg\" style=\"height:768px; width:1024px\" /></p>\r\n', 0, 0);
INSERT INTO `product` (`id`, `category_id`, `name`, `price`, `thumbnail`, `amount`, `create_at`, `update_at`, `brand`, `images`, `description`, `rating_avg`, `rating_count`) VALUES
(151, 2, 'Apple Macbook Pro 16” (MK1E3SA/A)(2021)', 61599000, '61330_apple_macbook_pro_16_4.jpg', 10, '2022-08-28 16:14:00', '2022-08-28 20:27:17', 'Apple', '<p><img alt=\"\" src=\"http://localhost/webbanhang/public/storage/test/61330_apple_macbook_pro_16_3.jpg\" style=\"height:850px; width:850px\" /><img alt=\"\" src=\"http://localhost/webbanhang/public/storage/test/61330_apple_macbook_pro_16_2.jpg\" style=\"height:850px; width:850px\" /><img alt=\"\" src=\"http://localhost/webbanhang/public/storage/test/61330_apple_macbook_pro_16_1.jpg\" style=\"height:850px; width:850px\" /></p>\r\n', '<h2>Đ&aacute;nh gi&aacute; Apple Macbook Pro 16&rdquo; (MK1E3SA/A) ch&iacute;nh h&atilde;ng, bảo h&agrave;nh d&agrave;i</h2>\r\n\r\n<p><img alt=\"Apple Macbook Pro 16\" src=\"https://hanoicomputercdn.com/media/lib/08-07-2022/hacom-macbook-pro-16-1.jpg\" style=\"height:768px; width:1024px\" /></p>\r\n\r\n<p><strong>Lưu &yacute;:&nbsp;</strong><em>B&agrave;i viết v&agrave; h&igrave;nh ảnh chỉ c&oacute; t&iacute;nh chất tham khảo v&igrave; cấu h&igrave;nh v&agrave; đặc t&iacute;nh sản phẩm c&oacute; thể thay đổi theo thị trường v&agrave; từng phi&ecirc;n bản. Qu&yacute; kh&aacute;ch cần cấu h&igrave;nh cụ thể vui l&ograve;ng li&ecirc;n hệ với c&aacute;c tư vấn vi&ecirc;n để được trợ gi&uacute;p.</em></p>\r\n\r\n<p>Kh&ocirc;ng c&ograve;n qu&aacute; xa lạ với sự đẳng cấp đến từ c&aacute;c sản phẩm của nh&agrave; Apple bởi lối thiết kế dẫn đầu xu hướng sang trọng, thời thượng v&agrave; sức mạnh cấu h&igrave;nh ngo&agrave;i mong đợi, nhưng c&ograve;n đặc biệt hơn khi chiếc laptop MacBook Pro 16 M1 Pro 2021 n&agrave;y sẽ l&agrave; phi&ecirc;n bản n&acirc;ng cấp với con chip Apple M1 Pro mạnh mẽ, xử l&yacute; ấn tượng c&aacute;c t&aacute;c vụ chuy&ecirc;n s&acirc;u.</p>\r\n\r\n<h3>Phong c&aacute;ch, thời trang tr&ecirc;n từng đường n&eacute;t m&aacute;y</h3>\r\n\r\n<p>Apple MacBook vẫn lu&ocirc;n l&agrave; tượng đ&agrave;i thiết kế ghi điểm trong mắt người d&ugrave;ng với phong c&aacute;ch tối giản nhưng kh&ocirc;ng k&eacute;m phần sang trọng, gam m&agrave;u hiện đại c&ugrave;ng chiếc logo tr&aacute;i t&aacute;o khuyết đặc trưng của nh&agrave; Apple đ&atilde; l&agrave;m cho chủ nh&acirc;n sở hữu n&oacute; h&atilde;nh diện giữa những nơi đ&ocirc;ng người.</p>\r\n\r\n<p><img alt=\"Apple Macbook Pro 16\" src=\"https://hanoicomputercdn.com/media/lib/08-07-2022/hacom-macbook-pro-16-2.jpeg\" style=\"height:570px; width:1020px\" /></p>\r\n\r\n<p>Được chế t&aacute;c từ lớp vỏ kim loại nguy&ecirc;n khối với bề d&agrave;y 16.8 mm v&agrave; trọng lượng 2.1 kg, tạo sự cứng c&aacute;p v&agrave; bền chắc cho chiếc MacBook Pro n&agrave;y đồng thời cho ph&eacute;p bạn dễ d&agrave;ng cất v&agrave;o một g&oacute;c balo v&agrave; linh hoạt di chuyển đến mọi nơi để phục vụ tối đa nhu cầu sử dụng.</p>\r\n\r\n<h3>Sức mạnh bộc ph&aacute; với CPU phi&ecirc;n bản n&acirc;ng cấp vượt trội</h3>\r\n\r\n<p>MacBook M1 Pro l&agrave; phi&ecirc;n bản n&acirc;ng cấp vượt trội với tốc độ xử l&yacute; tăng 70% v&agrave; hiệu năng gấp 1.7 lần so với d&ograve;ng M1 tiền nhiệm, sở hữu 200 GB/s memory bandwidth chinh phục mọi t&aacute;c vụ từ cơ bản đến chuy&ecirc;n s&acirc;u với hiệu năng đỉnh cao dẫn đầu so với c&aacute;c d&ograve;ng sản phẩm c&ugrave;ng ph&acirc;n kh&uacute;c đồng thời k&eacute;o d&agrave;i thời lượng pin nhờ 10 nh&acirc;n CPU gồm 8 nh&acirc;n hiệu suất cao v&agrave; 2 nh&acirc;n tiết kiệm điện ấn tượng c&ugrave;ng 33.7 tỷ b&oacute;ng b&aacute;n dẫn.</p>\r\n\r\n<p>Đi k&egrave;m l&agrave; 16 l&otilde;i GPU đ&aacute;p ứng mượt m&agrave; c&aacute;c ứng dụng văn ph&ograve;ng phổ biến như Word, Excel, Powerpoint,... đến những phần mềm chỉnh sửa video, thiết kế 2D, 3D &ldquo;nặng k&yacute;&rdquo; của nh&agrave; Adobe một c&aacute;ch chuy&ecirc;n nghiệp nhất.&nbsp;</p>\r\n\r\n<p><img alt=\"Apple Macbook Pro 16\" src=\"https://hanoicomputercdn.com/media/lib/08-07-2022/hacom-macbook-pro-16-3.png\" style=\"height:570px; width:1020px\" /></p>\r\n\r\n<p>N&acirc;ng cao khả năng đa nhiệm mượt m&agrave; với bộ nhớ RAM 16 GB, bạn ho&agrave;n to&agrave;n c&oacute; thể mở nhiều cửa sổ ứng dụng c&ugrave;ng l&uacute;c nhưng vẫn đảm bảo m&aacute;y hoạt động ổn định, thao t&aacute;c chuyển đổi qua lại giữa c&aacute;c layer trơn tru, su&ocirc;n sẻ hơn m&agrave; kh&ocirc;ng xảy ra t&igrave;nh trạng giật lag hay đơ m&aacute;y giữa chừng.&nbsp;</p>\r\n\r\n<p>Ổ cứng SSD 1 TB gia tăng hiệu suất cho m&aacute;y, tốc độ đọc ghi nhanh ch&oacute;ng, r&uacute;t ngắn thời gian khởi động m&aacute;y v&agrave; ứng dụng chỉ trong v&agrave;i gi&acirc;y đồng thời cung cấp một kh&ocirc;ng gian l&yacute; tưởng để bạn lưu trữ những t&aacute;c phẩm t&acirc;m đắc, những b&agrave;i nhạc du dương hay c&aacute;c tập phim h&agrave;nh động hấp dẫn.</p>\r\n\r\n<p><img alt=\"Apple Macbook Pro 16\" src=\"https://hanoicomputercdn.com/media/lib/08-07-2022/hacom-macbook-pro-16-4.jpeg\" style=\"height:570px; width:1020px\" /></p>\r\n\r\n<p>L&agrave;m việc dễ d&agrave;ng v&agrave; hiệu quả hơn với giao diện được thiết kế tối giản, đẹp mắt tr&ecirc;n hệ điều h&agrave;nh macOS Big Sur, thanh c&ocirc;ng cụ được nằm gọn g&agrave;ng ở giữa m&agrave;n h&igrave;nh gi&uacute;p bạn t&igrave;m kiếm được ch&iacute;nh x&aacute;c nội dung mong muốn đồng thời lu&ocirc;n cập nhật kho ứng dụng khổng lồ để đ&aacute;p ứng mọi nhu cầu của bạn.</p>\r\n\r\n<p><img alt=\"Apple Macbook Pro 16\" src=\"https://hanoicomputercdn.com/media/lib/08-07-2022/hacom-macbook-pro-16-5.jpeg\" style=\"height:570px; width:1020px\" /></p>\r\n\r\n<h3>M&atilde;n nh&atilde;n thị gi&aacute;c người xem với m&agrave;n h&igrave;nh Retina sắc n&eacute;t</h3>\r\n\r\n<p>Kh&ocirc;ng gian rộng lớn với m&agrave;n h&igrave;nh viền mỏng c&oacute; k&iacute;ch thước 16.2 inch v&agrave; độ ph&acirc;n giải Liquid Retina XDR display (3456 x 2234), đảm bảo c&aacute;c nội dung hiển thị ch&acirc;n thực v&agrave; sắc n&eacute;t đến từng chi tiết bao gồm cả tĩnh v&agrave; động, đắm ch&igrave;m người xem v&agrave;o những bối cảnh tuyệt hảo với 1 tỷ m&agrave;u sắc tươi mới, rực rỡ.</p>\r\n\r\n<p><img alt=\"Apple Macbook Pro 16\" src=\"https://hanoicomputercdn.com/media/lib/08-07-2022/hacom-macbook-pro-16-6.jpeg\" style=\"height:570px; width:1020px\" /></p>\r\n\r\n<p>Tần số qu&eacute;t l&ecirc;n đến 120 Hz với dải m&agrave;u rộng Wide color (P3) cho c&aacute;c chuyển động h&igrave;nh ảnh mượt m&agrave; v&agrave; chuẩn x&aacute;c, tr&aacute;nh c&aacute;c t&igrave;nh trạng nh&ograve;e hay x&eacute; h&igrave;nh tr&ecirc;n m&aacute;y, kết hợp với c&ocirc;ng nghệ True Tone ho&agrave;n hảo khi tự động c&acirc;n bằng gam m&agrave;u trắng để ph&ugrave; hợp với nhiệt độ m&agrave;u của &aacute;nh s&aacute;ng tự nhi&ecirc;n, tạo cảm gi&aacute;c gần gũi nhất để phục vụ c&aacute;c t&aacute;c vụ đồ họa chuy&ecirc;n s&acirc;u một c&aacute;ch chuy&ecirc;n nghiệp nhất.&nbsp;</p>\r\n\r\n<p><img alt=\"Apple Macbook Pro 16\" src=\"https://hanoicomputercdn.com/media/lib/08-07-2022/hacom-macbook-pro-16-7.jpeg\" style=\"height:570px; width:1020px\" /></p>\r\n\r\n<h3>Hệ thống loa hay nhất thế giới laptop</h3>\r\n\r\n<p>Hệ thống &acirc;m thanh 6 loa kết hợp ho&agrave;n mỹ c&ugrave;ng c&ocirc;ng nghệ Dolby Atmos v&agrave; Wide Stereo Sound cải thiện chất lượng &acirc;m thanh sống động v&agrave; thực tế, hạn chế tối đa t&igrave;nh trạng m&eacute;o tiếng khi sử dụng ở mức độ cao, tận hưởng c&aacute;c bộ phim hay b&agrave;i nhạc cực hấp dẫn v&agrave; l&ocirc;i cuốn.</p>\r\n\r\n<p><img alt=\"Apple Macbook Pro 16\" src=\"https://hanoicomputercdn.com/media/lib/08-07-2022/hacom-macbook-pro-16-8.jpeg\" style=\"height:570px; width:1020px\" /></p>\r\n\r\n<h3>B&agrave;n ph&iacute;m cắt k&eacute;o &ecirc;m &aacute;i quen thuộc nhưng c&oacute; ch&uacute;t thay đổi</h3>\r\n\r\n<p>Vẫn l&agrave; chiếc b&agrave;n ph&iacute;m Magic Keyboard quen thuộc nhưng nay đ&atilde; được Apple loại bỏ thanh Touch Bar so với c&aacute;c thế hệ trước, mang đến độ nảy cao, h&igrave;nh tr&igrave;nh ph&iacute;m ổn định với khoảng c&aacute;ch c&aacute;c ph&iacute;m được bố tr&iacute; hợp l&yacute;, gi&uacute;p ho&agrave;n th&agrave;nh c&ocirc;ng việc nhanh ch&oacute;ng, đem lại trải nghiệm g&otilde; ph&iacute;m &ecirc;m &aacute;i v&agrave; chuẩn x&aacute;c. M&aacute;y c&ograve;n trang bị đ&egrave;n nền tối ưu phục vụ người d&ugrave;ng d&ugrave; phải l&agrave;m việc trong m&ocirc;i trường thiếu s&aacute;ng.</p>\r\n\r\n<p><img alt=\"Apple Macbook Pro 16\" src=\"https://hanoicomputercdn.com/media/lib/08-07-2022/hacom-macbook-pro-16-9.jpeg\" style=\"height:570px; width:1020px\" /></p>\r\n\r\n<h3>Bảo mật v&acirc;n tay</h3>\r\n\r\n<p>Đăng nhập nhanh ch&oacute;ng v&agrave; dễ d&agrave;ng hơn bao giờ hết chỉ với thao t&aacute;c chạm nhẹ tr&ecirc;n t&iacute;nh năng cảm biến v&acirc;n tay được t&iacute;ch hợp tr&ecirc;n m&aacute;y, c&aacute; nh&acirc;n h&oacute;a ho&agrave;n hảo mọi dữ liệu của bạn đồng thời n&acirc;ng cao t&iacute;nh bảo mật.</p>\r\n\r\n<p><img alt=\"Apple Macbook Pro 16\" src=\"https://hanoicomputercdn.com/media/lib/08-07-2022/hacom-macbook-pro-16-10.jpeg\" style=\"height:570px; width:1020px\" /></p>\r\n\r\n<h3>Cam Full HD si&ecirc;u n&eacute;t</h3>\r\n\r\n<p>Với phi&ecirc;n bản laptop n&agrave;y, Apple đ&atilde; n&acirc;ng cấp l&ecirc;n Camera 1080p FaceTime HD cho chất lượng l&agrave;m việc, học tập trực tuyến trở n&ecirc;n dễ d&agrave;ng với h&igrave;nh ảnh, video sắc n&eacute;t hơn.&nbsp;</p>\r\n\r\n<p><img alt=\"Apple Macbook Pro 16\" src=\"https://hanoicomputercdn.com/media/lib/08-07-2022/hacom-macbook-pro-16-11.jpeg\" style=\"height:570px; width:1020px\" /></p>\r\n\r\n<h3>Kết nối tốc độ cao</h3>\r\n\r\n<p>MacBook Pro 16 inch được trang bị kh&aacute; đa dạng c&aacute;c cổng kết nối phổ biến hiện nay như 3 cổng Thunderbolt 4 USB-C, HDMI, Jack tai nghe 3.5 mm v&agrave; cả khe đọc thẻ nhớ SD tiện dụng, hỗ trợ bạn li&ecirc;n kết với c&aacute;c thiết bị ngoại vi dễ d&agrave;ng v&agrave; nhanh ch&oacute;ng. Ngo&agrave;i ra, chuẩn Bluetooth 5.0 v&agrave; Wi-Fi 6 (802.11ax) đảm bảo cho đường truyền mạng lu&ocirc;n ở trạng th&aacute;i ổn định trong suốt qu&aacute; tr&igrave;nh l&agrave;m việc của bạn.</p>\r\n\r\n<p><img alt=\"Apple Macbook Pro 16\" src=\"https://hanoicomputercdn.com/media/lib/08-07-2022/hacom-macbook-pro-16-13.jpeg\" style=\"height:570px; width:1020px\" /></p>\r\n\r\n<p>Sạc MagSafe 3 với thiết kế nhỏ gọn, thuận tiện gi&uacute;p người d&ugrave;ng kết nối nhanh ch&oacute;ng với độ bền cao v&agrave; cơ chế h&uacute;t bằng nam ch&acirc;m hiện đại, hỗ trợ cho m&aacute;y nạp pin nhanh hơn, tiết kiệm thời gian chờ. &nbsp;</p>\r\n\r\n<p><img alt=\"Apple Macbook Pro 16\" src=\"https://hanoicomputercdn.com/media/lib/08-07-2022/hacom-macbook-pro-16-23.jpeg\" style=\"height:570px; width:1020px\" /></p>\r\n\r\n<h3>Khả năng n&acirc;ng cấp</h3>\r\n\r\n<p><img alt=\"Apple Macbook Pro 16\" src=\"https://hanoicomputercdn.com/media/lib/08-07-2022/hacom-macbook-pro-16-24.png\" style=\"height:768px; width:1024px\" /></p>\r\n\r\n<p>&nbsp;</p>\r\n', 0, 0),
(152, 4, 'PC Gigabyte Aorus Model X (GB-AMXI9N8A-2171)', 85999000, '63668_pc_gigabyte_aorus_model_x_01.png', 10, '2022-08-28 16:20:16', '2022-08-28 20:27:17', 'Gigabyte', '<p><img alt=\"\" src=\"http://localhost/webbanhang/public/storage/test/63668_pc_gigabyte_aorus_model_x_02.png\" style=\"height:850px; width:850px\" /><img alt=\"\" src=\"http://localhost/webbanhang/public/storage/test/63668_pc_gigabyte_aorus_model_x_03.png\" style=\"height:850px; width:850px\" /><img alt=\"\" src=\"http://localhost/webbanhang/public/storage/test/63668_pc_gigabyte_aorus_model_x_04.png\" style=\"height:850px; width:850px\" /><img alt=\"\" src=\"http://localhost/webbanhang/public/storage/test/63668_pc_gigabyte_aorus_model_x_05.png\" style=\"height:850px; width:850px\" /></p>\r\n', '<h2>Đ&aacute;nh gi&aacute; PC Gigabyte Aorus Model X (i9-12900K/Z690/32GB RAM/2TB SSD/RTX3080/WL+BT/No OS) (GB-AMXI9N8A-2171)</h2>\r\n\r\n<h4>Hiệu suất cao</h4>\r\n\r\n<p><img src=\"https://hanoicomputercdn.com/media/lib/15-04-2022/mainpage.jpg\" style=\"height:447px; width:924px\" /></p>\r\n\r\n<p><br />\r\nLu&ocirc;n đề ưu ti&ecirc;n đề cao hiệu xuất,&nbsp;<strong>Intel Core i9-12900k&nbsp;</strong>l&agrave; sự chọn lựa tốt nhất với khả năng &eacute;p xung v&agrave; tối ưu h&oacute;a c&aacute;c nh&acirc;n ở mức xung&nbsp;<strong>5Ghz</strong>. Đi k&egrave;m với card đồ họa&nbsp;<strong>Geforce RTX 3080</strong>&nbsp;l&agrave; hệ thống tản nhiệt nước cho CPU -&nbsp;<strong>AORUS WATER FORCE 360&nbsp;</strong>gi&uacute;p cỗ m&aacute;y lu&ocirc;n ổn định, hiệu năng l&agrave;m việc mạnh mẽ, cho ra những khung h&igrave;nh mượt m&agrave; v&agrave; trải nghiệm chơi game tốt nhất.&nbsp;</p>\r\n\r\n<h4><br />\r\nPhong c&aacute;ch thiết kế</h4>\r\n\r\n<p><img src=\"https://hanoicomputercdn.com/media/lib/15-04-2022/design-concept.jpg\" style=\"height:476px; width:938px\" /><br />\r\nVới&nbsp;<strong>Aorus,</strong>&nbsp;mọi thứ đều được thiết kế bằng c&ocirc;ng nghệ kỹ thuật số. Điểm mấu chốt trong &yacute; tưởng thiết kế ch&iacute;nh l&agrave; việc sử dụng, ph&acirc;n phối khoảng kh&ocirc;ng gian một c&aacute;ch hợp l&yacute; giữa những hoạ tiết mang hơi hướng thực tế ảo v&agrave; những đường n&eacute;t c&oacute; xu hướng đối lập nhau.</p>\r\n\r\n<h4><br />\r\nMạnh mẽ nhưng trầm lặng</h4>\r\n\r\n<p><img src=\"https://hanoicomputercdn.com/media/lib/15-04-2022/screenshot_1650016454.png\" style=\"height:669px; width:945px\" /></p>\r\n\r\n<p>Đừng lo ngại về tiếng ồn khi vận h&agrave;nh,&nbsp;<strong>WATER FORCE 360</strong>&nbsp;sẽ tối ưu ở mức độ thấp ngay cả khi&nbsp; đang xử l&yacute; t&aacute;c vụ đa nhiệm hoặc giải tr&iacute;. Th&ocirc;ng qua qu&aacute; tr&igrave;nh thử nghiệm rộng r&atilde;i, AORUS đ&atilde; ph&aacute;t triển thiết kế c&aacute;nh quạt 120mm để đi c&ugrave;ng với bộ tản nhiệt 360mm. Chất b&ocirc;i trơn graphene nano trong ổ trục l&agrave;m giảm mức độ tiếng ồn đồng thời k&eacute;o d&agrave;i tuổi thọ của quạt th&ecirc;m 2,1 lần (73.500 giờ) hiệu quả hơn so với quạt 2 v&ograve;ng bi truyền thống</p>\r\n\r\n<h4><br />\r\nT&ugrave;y chỉnh hiệu ứng RGB</h4>\r\n\r\n<p><img src=\"https://hanoicomputercdn.com/media/lib/15-04-2022/rgb01.jpg\" style=\"height:491px; width:948px\" /></p>\r\n\r\n<p><br />\r\nNgười d&ugrave;ng c&oacute; thể t&ugrave;y chỉnh hệ thống RGB theo &yacute; th&iacute;ch, tạo n&ecirc;n sắc m&agrave;u kh&aacute;c biệt. V&agrave; hiển nhi&ecirc;n l&agrave; tất cả hiệu ứng đ&oacute; được đồng bộ qua phần mềm&nbsp;<strong>RGB Fusion 2.0.</strong></p>\r\n', 0, 0),
(153, 4, 'PC Asus ROG Strix G35DX ', 48199000, '64370_64370_pcas213_00a.jpg', 7, '2022-08-28 16:26:51', '2025-12-10 21:00:37', 'Asus', '<p><img alt=\"\" src=\"http://localhost/webbanhang/public/storage/test/64370_g35dx_vn003w_01.jpg\" style=\"height:850px; width:850px\" /><img alt=\"\" src=\"http://localhost/webbanhang/public/storage/test/64370_g35dx_vn003w_03.jpg\" style=\"height:850px; width:850px\" /><img alt=\"\" src=\"http://localhost/webbanhang/public/storage/test/64370_g35dx_vn003w_04.jpg\" style=\"height:850px; width:850px\" /><img alt=\"\" src=\"http://localhost/webbanhang/public/storage/test/64370_g35dx_vn003w_05.jpg\" style=\"height:850px; width:850px\" /><img alt=\"\" src=\"http://localhost/webbanhang/public/storage/test/64370_pcas213_006.jfif\" style=\"height:2048px; width:3072px\" /></p>\r\n', '<h2>Đ&aacute;nh gi&aacute; PC Asus ROG Strix G35DX (R7-5800X/16GB RAM/1TB SSD/RTX3070 8GB/WL+BT/Win 11)</h2>\r\n\r\n<p><strong>SUS ROG Strix GA35 G35DK</strong>&nbsp;l&agrave; cỗ m&aacute;y gaming sinh ra &quot;d&agrave;nh cho nh&agrave; v&ocirc; địch&quot;. M&aacute;y được trang bị phần cứng mạnh mẽ h&agrave;ng đầu như CPU AMD Ryzen 5800X, GPU NVIDIA GeForce RTX3070, hệ thống tản nhiệt nước c&ugrave;ng bộ case ROG độc quyền, đem đến cho game thủ cỗ m&aacute;y chiến game đẳng cấp thu h&uacute;t mọi &aacute;nh nh&igrave;n.</p>\r\n\r\n<h3>Sẵn s&agrave;ng cho mọi t&aacute;c vụ</h3>\r\n\r\n<p><img src=\"https://hanoicomputercdn.com/media/lib/12-05-2022/pc_rog_ga35g35dx5.jpg\" style=\"height:1055px; width:1876px\" /></p>\r\n\r\n<h3>Hiệu năng tản nước cực chất</h3>\r\n\r\n<p>Thiết kế c&aacute;c buồng kh&iacute; l&agrave;m m&aacute;t ri&ecirc;ng biệt g&oacute;p phần l&agrave;m m&aacute;t tối ưu cho từng cụm linh kiện b&ecirc;n trong m&aacute;y.&nbsp;</p>\r\n\r\n<p><img src=\"https://hanoicomputercdn.com/media/lib/12-05-2022/pc_rog_ga35g35dx3.jpg\" style=\"height:1159px; width:1879px\" /></p>\r\n\r\n<h3>Đồng bộ Led Aura Sync cực chất</h3>\r\n\r\n<p>Để tạo n&ecirc;n trải nghiệm PC ho&agrave;n hảo, y&ecirc;u cầu khả năng c&aacute; nh&acirc;n h&oacute;a cao v&agrave; chi tiết.&nbsp;</p>\r\n\r\n<p><img src=\"https://hanoicomputercdn.com/media/lib/12-05-2022/pc_rog_ga35g35dx4.jpg\" style=\"height:1035px; width:1881px\" /></p>\r\n\r\n<h3>Đẹp v&agrave; tối ưu đậm chất ROG</h3>\r\n\r\n<p>Nếu l&agrave; fan của &quot;đế chế gaming&quot; ROG, bạn sẽ hẳn sẽ thực sự ấn tượng với vẻ ngo&agrave;i hiện đại, si&ecirc;u ngầu từ hai sản phẩm m&aacute;y bộ n&agrave;y. B&ecirc;n cạnh đ&oacute; yếu tố tối ưu tuyệt vời đảm bảo t&iacute;nh ổn định v&agrave; khả năng tản nhiệt tuyệt vời g&oacute;p phần l&agrave;m n&ecirc;n điểm nhấn kh&oacute; phai cho ROG Strix GA35 &amp; G10DK so với c&aacute;c giải ph&aacute;p m&aacute;y b&agrave;n tự lắp.</p>\r\n\r\n<p><img src=\"https://hanoicomputercdn.com/media/lib/26-04-2022/rog-strix-ga35-dx-tgdd-12_1280x720-800-resize.jpg\" style=\"height:1056px; width:1877px\" /></p>\r\n\r\n<h3>Thiết lập sự đồng bộ qua c&uacute; click chuột</h3>\r\n\r\n<p>Bằng phần mềm&nbsp;<strong>Armoury crate</strong>, mọi thứ trở n&ecirc;n đơn giản rất nhiều</p>\r\n\r\n<p><img src=\"https://hanoicomputercdn.com/media/lib/25-04-2022/screenshot_1650873346.jpeg\" style=\"height:1022px; width:1881px\" /><img src=\"https://hanoicomputercdn.com/media/lib/12-05-2022/pc_rog_ga35g35dx6.jpg\" style=\"height:1006px; width:1877px\" /></p>\r\n\r\n<h3>Kết nối đa dạng</h3>\r\n\r\n<h3>&nbsp;<img src=\"https://hanoicomputercdn.com/media/lib/26-04-2022/asus-rog-strix-g35dx-vn007t-io.jpg\" style=\"height:1451px; width:1880px\" /></h3>\r\n\r\n<p>&nbsp;</p>\r\n\r\n<h3>Hiệu năng h&agrave;ng đầu</h3>\r\n\r\n<p>Sinh ra d&agrave;nh cho những game thủ mong muốn sở hữu cỗ m&aacute;y chiến mượt mọi tưa game hiện nay. Vi xử l&yacute; AMD Ryzen thế hệ 5000 Series kết hợp c&ugrave;ng t&ugrave;y chọn card đồ họa chuy&ecirc;n game từ NVIDIA, cả hai sản phẩm đều sẵn s&agrave;ng c&ugrave;ng game thủ gặt h&aacute;i vinh quang trong tựa game y&ecirc;u th&iacute;ch.</p>\r\n\r\n<p>&nbsp;</p>\r\n\r\n<p><img src=\"https://hanoicomputercdn.com/media/lib/26-04-2022/9b76199fcac60b9852d7.jpg\" style=\"height:1063px; width:1889px\" /></p>\r\n\r\n<p><em>Assassin Valhalla</em></p>\r\n\r\n<p><img src=\"https://hanoicomputercdn.com/media/lib/26-04-2022/9e039d8d41d4808ad9c5.jpg\" style=\"height:1063px; width:1890px\" /></p>\r\n\r\n<p>&nbsp;</p>\r\n', 0, 0),
(154, 4, 'PC Asus ROG Strix G15CF(G15CF-51240F141W)', 36999000, '66605_pc_asus_rog_strix_g15cf_850x850_8.jpg', 10, '2022-08-28 16:29:17', '2022-08-28 20:27:17', 'Asus', '<p><img alt=\"\" src=\"http://localhost/webbanhang/public/storage/test/66605_pc_asus_rog_strix_g15cf_850x850_2.jpg\" style=\"height:850px; width:850px\" /><img alt=\"\" src=\"http://localhost/webbanhang/public/storage/test/66605_pc_asus_rog_strix_g15cf_850x850_3.jpg\" style=\"height:850px; width:850px\" /><img alt=\"\" src=\"http://localhost/webbanhang/public/storage/test/66605_pc_asus_rog_strix_g15cf_850x850_4.jpg\" style=\"height:850px; width:850px\" /><img alt=\"\" src=\"http://localhost/webbanhang/public/storage/test/66605_pc_asus_rog_strix_g15cf_850x850_5.jpg\" style=\"height:850px; width:850px\" /><img alt=\"\" src=\"http://localhost/webbanhang/public/storage/test/66605_pc_asus_rog_strix_g15cf_850x850_7.jpg\" style=\"height:850px; width:850px\" /></p>\r\n', '<h2>Đ&aacute;nh gi&aacute; PC Asus ROG Strix G15CF (i5-12400F/16GB RAM/512GB SSD/RTX3060Ti/WL+BT/Win 11) (G15CF-51240F141W)</h2>\r\n\r\n<p><strong>PC Asus ROG Strix G15CF</strong>&nbsp;2022 l&agrave; m&aacute;y bộ gaming đầu ti&ecirc;n sở hữu bộ vi xử l&yacute; Intel thế hệ 12. Cấu h&igrave;nh mạnh mẽ đi c&ugrave;ng thiết kế đầy cảm hứng của sản phẩm hứa hẹn &ldquo;đ&aacute;nh thức nh&agrave; v&ocirc; địch&rdquo; trong mỗi game thủ.&nbsp; Vẻ ngo&agrave;i hiện đại v&agrave; t&iacute;nh năng Aura Sync cho ph&eacute;p đồng bộ hệ thống LED RGB giữa c&aacute;c thiết bị thuộc hệ sinh th&aacute;i ROG, dịch vụ bảo h&agrave;nh tận nơi 2 năm g&oacute;p phần quan trọng l&agrave;m n&ecirc;n sức h&uacute;t ri&ecirc;ng cho bộ đ&ocirc;i m&aacute;y bộ chơi game thế hệ mới từ ROG</p>\r\n\r\n<p><img alt=\"PC Asus ROG Strix G15CF G15CF-51240F141W 1\" src=\"https://hanoicomputercdn.com/media/lib/24-06-2022/pc_asus_rog_strix_g15cf_mota1.jpg\" style=\"width:100%\" /></p>\r\n\r\n<h4>V&oacute;c d&aacute;ng đặc trưng gaming</h4>\r\n\r\n<p><img alt=\"PC Asus ROG Strix G15CF G15CF-51240F141W 2\" src=\"https://hanoicomputercdn.com/media/lib/24-06-2022/pc_asus_rog_strix_g15cf_mota2.jpg\" style=\"width:100%\" /></p>\r\n\r\n<h4>T&iacute;ch hợp m&oacute;c treo tai nghe</h4>\r\n\r\n<p><img alt=\"PC Asus ROG Strix G15CF G15CF-51240F141W 3\" src=\"https://hanoicomputercdn.com/media/lib/24-06-2022/pc_asus_rog_strix_g15cf_mota3.jpg\" style=\"width:100%\" /></p>\r\n\r\n<h4>Hỗ trợ quai x&aacute;ch</h4>\r\n\r\n<p><img alt=\"PC Asus ROG Strix G15CF G15CF-51240F141W  4\" src=\"https://hanoicomputercdn.com/media/lib/24-06-2022/pc_asus_rog_strix_g15cf_mota5.jpg\" style=\"width:100%\" /></p>\r\n\r\n<h4>Hiệu năng vượt trội</h4>\r\n\r\n<p><strong>Card đồ họa:&nbsp;</strong>dựa tr&ecirc;n kiến tr&uacute;c Turing h&agrave;ng đầu của NVIDIA. Nh&acirc;n cuda, RT v&agrave; Tensor chuy&ecirc;n biệt d&agrave;nh cho đổ b&oacute;ng c&oacute; thể lập tr&igrave;nh. Kết hợp tạo n&ecirc;n hiệu ứng mới tuyệt đẹp như &aacute;nh s&aacute;ng ngo&agrave;i đời thực, phản xạ v&agrave; đổ b&oacute;ng tăng cảm gi&aacute;c đắm ch&igrave;m trong khi chơi game.</p>\r\n\r\n<p><strong>Bộ vi xử l&yacute;:&nbsp;</strong>c&aacute;c t&aacute;c vụ v&agrave; tựa game nặng hoạt động mượt m&agrave; tr&ecirc;n chip Intel Core i thế hệ thứ 12. CPU sở hữu c&ocirc;ng nghệ si&ecirc;u ph&acirc;n luồng Hyper-Threading cho ph&eacute;p hoạt động l&ecirc;n tới 20 luồng song song gi&uacute;p tăng tốc xử l&yacute; t&aacute;c vụ đa nhiệm phức tạp. C&aacute;c phần mềm về thiết kế, bi&ecirc;n tập video v&agrave; render 3D được thực hiện nhanh v&agrave; hiệu quả hơn.</p>\r\n\r\n<p><strong>Bộ nhớ trong:&nbsp;</strong>hỗ trợ n&acirc;ng cấp l&ecirc;n tới 64GB c&ugrave;ng xung nhịp 3200MHz. Đảm bảo trải nghiệm mượt m&agrave; hơn, bất kể m&aacute;y đang mở bao nhi&ecirc;u tab tr&ecirc;n tr&igrave;nh duyệt hay nhiều ứng dụng.</p>\r\n\r\n<p><img alt=\"PC Asus ROG Strix G15CF G15CF-51240F141W  5\" src=\"https://hanoicomputercdn.com/media/lib/24-06-2022/pc_asus_rog_strix_g15cf_mota6.jpg\" style=\"width:100%\" /></p>\r\n\r\n<h4>Tản nhiệt vừa đủ</h4>\r\n\r\n<p><img alt=\"PC Asus ROG Strix G15CF G15CF-51240F141W 6\" src=\"https://hanoicomputercdn.com/media/lib/24-06-2022/screenshot_1656059560.jpg\" style=\"width:100%\" /></p>\r\n\r\n<h4>C&aacute; nh&acirc;n h&oacute;a</h4>\r\n\r\n<p><img alt=\"PC Asus ROG Strix G15CF G15CF-51240F141W 7\" src=\"https://hanoicomputercdn.com/media/lib/24-06-2022/pc_asus_rog_strix_g15cf_mota7a.jpg\" style=\"width:100%\" /></p>\r\n\r\n<h4>Lu&ocirc;n lu&ocirc;n kết nối</h4>\r\n\r\n<p>Kết nối c&aacute;c thiết bị y&ecirc;u th&iacute;ch v&agrave; nhanh ch&oacute;ng đắm m&igrave;nh tr&ograve; chơi. GT15 được trang bị một cổng Type-C&trade; (USB-C&trade;) kết nối hai chiều với băng th&ocirc;ng giao diện tối đa 10Gbps qua USB 3.2 thế hệ 2 truyền dữ liệu v&agrave; sạc nhanh, cộng th&ecirc;m s&aacute;u cổng USB 3.2 Type-A gi&uacute;p bạn c&oacute; đủ kh&ocirc;ng gian cho tất cả c&aacute;c thiết bị ngoại vi ưa th&iacute;ch. Để chơi game hoặc ph&aacute;t trực tuyến video 4K tr&ecirc;n m&agrave;n h&igrave;nh lớn, h&atilde;y kết nối qua cổng HDMI 2.0 hoặc sử cổng DisplayPort 1.4 với m&agrave;n h&igrave;nh gaming tốc độ l&agrave;m mới cao.</p>\r\n\r\n<p><img alt=\"PC Asus ROG Strix G15CF G15CF-51240F141W 8\" src=\"https://hanoicomputercdn.com/media/lib/24-06-2022/pc_asus_rog_strix_g15cf_mota4.jpeg\" style=\"width:100%\" /></p>\r\n\r\n<p><strong>Lưu &yacute;</strong>: C&aacute;c cổng I/O c&oacute; thể thay đổi t&ugrave;y theo cấu h&igrave;nh. Qu&yacute; kh&aacute;ch vui l&ograve;ng kiểm tra kĩ c&agrave;ng trước khi thanh to&aacute;n</p>\r\n\r\n<p><a href=\"javascript:void(0)\">Xem th&ecirc;m&nbsp;</a></p>\r\n', 0, 0),
(155, 8, 'Màn hình BenQ Zowie EW3270U', 9090000, '61615_man_hinh_benq_zowie_ew3270u_5.jpg', 10, '2022-08-28 16:33:02', '2022-08-28 20:27:17', 'BenQ', '<p><img alt=\"\" src=\"http://localhost/webbanhang/public/storage/test/61615_man_hinh_benq_zowie_ew3270u_1.jpg\" style=\"height:850px; width:850px\" /><img alt=\"\" src=\"http://localhost/webbanhang/public/storage/test/61615_man_hinh_benq_zowie_ew3270u_2.jpg\" style=\"height:850px; width:850px\" /><img alt=\"\" src=\"http://localhost/webbanhang/public/storage/test/61615_man_hinh_benq_zowie_ew3270u_4.jpg\" style=\"height:850px; width:850px\" /><img alt=\"\" src=\"http://localhost/webbanhang/public/storage/test/61615_man_hinh_benq_zowie_ew3270u_5.jpg\" style=\"height:850px; width:850px\" /></p>\r\n', '<h2>Đ&aacute;nh gi&aacute; M&agrave;n h&igrave;nh BenQ Zowie EW3270U ch&iacute;nh h&atilde;ng, bảo h&agrave;nh d&agrave;i</h2>\r\n\r\n<h3>Linh hoạt hơn TV</h3>\r\n\r\n<p>EW3270U c&oacute; tốc độ phản hồi nhanh, thiết kế gọn g&agrave;ng ph&ugrave; hợp với người d&ugrave;ng c&oacute; kh&ocirc;ng gian hạn chế. Đ&acirc;y l&agrave; m&agrave;n h&igrave;nh c&oacute; mật độ điểm ảnh cao, c&ugrave;ng với c&aacute;c c&ocirc;ng nghệ bảo vệ mắt ti&ecirc;n tiến, EW3270U đem lại trải nghiệm nh&igrave;n thoải m&aacute;i. Mắt c&oacute; thể tập trung l&agrave;m việc m&agrave; tr&aacute;nh được sự mỏi mệt khi nh&igrave;n h&igrave;nh ảnh trong thời gian d&agrave;i.</p>\r\n\r\n<p><img alt=\"Màn hình BenQ Zowie EW3270U1\" src=\"https://hanoicomputercdn.com/media/product/61615_man_hinh_benq_zowie_ew3270u_4.jpg\" style=\"height:850px; width:850px\" /></p>\r\n\r\n<h3>H&igrave;nh ảnh si&ecirc;u thực</h3>\r\n\r\n<p>Thế mạnh của sự kết hợp HDR v&agrave; Brightness Intelligence Plus (B.I.+) l&agrave; tự động điều chỉnh độ s&aacute;ng, m&agrave;u sắc m&agrave;n h&igrave;nh th&iacute;ch hợp với m&ocirc;i trường &aacute;nh s&aacute;ng xung quanh đưa tới cho bạn h&igrave;nh ảnh ch&acirc;n thực, gần gũi với cuộc sống hơn.</p>\r\n\r\n<p>Với c&ocirc;ng nghệ HDR ti&ecirc;n tiến d&agrave;nh cho d&ograve;ng m&agrave;n h&igrave;nh giải tr&iacute; xem video, EW3270U cung cấp độ s&aacute;ng ph&ugrave; hợp v&agrave; độ tương phản cao khiến h&igrave;nh ảnh chi tiết sinh động đ&aacute;ng kinh ngạc!</p>\r\n\r\n<p>M&agrave;n h&igrave;nh BenQ EW3270U - 4K HDR đem đến h&igrave;nh ảnh ch&acirc;n thực, gần gũi với cuộc sống hơn.</p>\r\n\r\n<p>C&ocirc;ng nghệ AMD FreeSync&trade; với chất lượng h&igrave;nh ảnh mượt m&agrave;.</p>\r\n\r\n<p>C&ocirc;ng nghệ AMD FreeSync&trade; loại bỏ h&igrave;nh ảnh rung mờ, khung h&igrave;nh m&eacute;o lệch, gi&uacute;p trải nghiệm chơi game của bạn th&ecirc;m mượt m&agrave;, linh hoạt. Với tốc độ Refresh được cải thiện đ&aacute;ng kể, EW3270U xứng đ&aacute;ng l&agrave; m&agrave;n h&igrave;nh trong mơ của mọi game thủ!</p>\r\n\r\n<p>C&ocirc;ng nghệ AMD FreeSync&trade; loại bỏ h&igrave;nh ảnh rung mờ, khung h&igrave;nh m&eacute;o lệch.</p>\r\n\r\n<p><img alt=\"Màn hình BenQ Zowie EW3270U3\" src=\"https://hanoicomputercdn.com/media/product/61615_man_hinh_benq_zowie_ew3270u_6.jpg\" style=\"height:850px; width:850px\" /></p>\r\n\r\n<h3>Kết nối linh hoạt</h3>\r\n\r\n<p>Tận dụng thiết kế th&ocirc;ng minh USB-C&trade;, EW3270U truyền ph&aacute;t video v&agrave; &acirc;m thanh với độ ph&acirc;n giải cao từ nguồn, truyền dữ liệu SuperSpeed qua kết nối nhỏ gọn v&agrave; c&oacute; thể đảo ngược để kết nối với nhiều cổng USB-CTM, HDMI v&agrave; DisplayPort. Thưởng thức giải tr&iacute; đa phương tiện chưa bao giờ dễ d&agrave;ng đến thế!</p>\r\n\r\n<p>EW3270U c&oacute; kết nối linh hoạt: HDMI 2.0x2, DisplayPort, Type-C, Headphone Jack.</p>\r\n\r\n<p>BENQ EW3270U &nbsp;dễ d&agrave;ng được gắn cố định tr&ecirc;n tường c&oacute; thể gi&uacute;p bạn tiết kiệm kh&ocirc;ng gian giải tr&iacute; hơn, thoải m&aacute;i xem phim v&agrave; chơi game ngay tại nh&agrave;.</p>\r\n\r\n<p><img alt=\"Màn hình BenQ Zowie EW3270U2\" src=\"https://hanoicomputercdn.com/media/product/61615_man_hinh_benq_zowie_ew3270u_1.jpg\" style=\"height:850px; width:850px\" /></p>\r\n\r\n<h3>Độ ph&acirc;n giải cao cho chất lượng h&igrave;nh ảnh si&ecirc;u việt</h3>\r\n\r\n<p>EW3270U c&oacute; thể m&ocirc; phỏng h&igrave;nh ảnh với độ ph&acirc;n giải cao bằng c&aacute;ch tăng mật độ pixel ở h&igrave;nh ảnh ban đầu c&oacute; độ ph&acirc;n giải thấp, khiến h&igrave;nh ảnh trở n&ecirc;n sắc n&eacute;t hơn.</p>\r\n\r\n<h3>Bảo vệ mắt trong mọi m&ocirc;i trường &aacute;nh s&aacute;ng.</h3>\r\n\r\n<p>Cảm biến &aacute;nh s&aacute;ng tr&ecirc;n m&agrave;n h&igrave;nh gi&uacute;p nhận biết nhiệt độ m&agrave;u v&agrave; mức s&aacute;ng của m&ocirc;i trường xung quanh, từ đ&oacute; tự động điều chỉnh &aacute;nh s&aacute;ng m&agrave;n h&igrave;nh ph&ugrave; hợp. Chức năng n&agrave;y cũng c&oacute; thể tự động điều chỉnh độ s&aacute;ng dựa tr&ecirc;n thời gian sử dụng. Nhờ đ&oacute; mang đến chất lượng hiển thị tốt nhất cho người d&ugrave;ng, giảm mỏi mắt v&agrave; bảo vệ sức khỏe sau nhiều giờ l&agrave;m việc căng thẳng.</p>\r\n\r\n<p>C&ocirc;ng nghệ B.I+: điều chỉnh độ s&aacute;ng tr&aacute;nh t&igrave;nh trạng phơi s&aacute;ng, tăng cường hỗ trợ c&aacute;c chi tiết trong g&oacute;c tối, duy tr&igrave; độ b&atilde;o h&ograve;a m&agrave;u gốc khiến c&aacute;c v&ugrave;ng chuyển m&agrave;u c&oacute; m&agrave;u sắc tự nhi&ecirc;n nhất.</p>\r\n\r\n<p>C&ocirc;ng nghệ Low Blue Light: được thiết kế để lọc &aacute;nh s&aacute;ng xanh c&oacute; hại, l&agrave;m giảm mỏi v&agrave; tr&aacute;nh k&iacute;ch ứng mắt.</p>\r\n\r\n<p>Dễ d&agrave;ng chuyển đổi 4 chế độ của Low Blue Light tr&ecirc;n OSD hot key (Giải tr&iacute; đa phương tiện, Lướt Web, L&agrave;m việc văn ph&ograve;ng Office, Đọc s&aacute;ch)</p>\r\n\r\n<p>C&ocirc;ng nghệ Flicker-Free độc quyền của BenQ: gi&uacute;p loại bỏ hiện tượng chớp h&igrave;nh truyền từ m&agrave;n h&igrave;nh LCD, gi&uacute;p tr&aacute;nh mỏi mắt v&agrave; giảm tổn thương thị lực cho người d&ugrave;ng.</p>\r\n\r\n<p><img alt=\"Màn hình BenQ Zowie EW3270U4\" src=\"https://hanoicomputercdn.com/media/product/61615_man_hinh_benq_zowie_ew3270u_5.jpg\" style=\"height:850px; width:850px\" /></p>\r\n', 0, 0),
(156, 8, 'Màn hình BenQ GW2480', 3669000, '63359_man_hinh_benq_gw2480_7.jpg', 10, '2022-08-28 16:36:32', '2022-08-28 20:27:17', 'BenQ', '<p><img alt=\"\" src=\"http://localhost/webbanhang/public/storage/test/63359_man_hinh_benq_gw2480_6.jpg\" style=\"height:850px; width:850px\" /><img alt=\"\" src=\"http://localhost/webbanhang/public/storage/test/63359_man_hinh_benq_gw2480_4.jpg\" style=\"height:850px; width:850px\" /><img alt=\"\" src=\"http://localhost/webbanhang/public/storage/test/63359_man_hinh_benq_gw2480_3.jpg\" style=\"height:850px; width:850px\" /></p>\r\n', '<h2>Đ&aacute;nh gi&aacute; M&agrave;n h&igrave;nh BenQ GW2480 (23.8inch/FHD/IPS/60Hz/5ms/250nits/HDMI+DP+VGA/Loa)</h2>\r\n\r\n<h3>Hướng tới cuộc sống Tối Giản v&agrave; Tinh Tế</h3>\r\n\r\n<p><br />\r\nĐược thiết kế tạo vẻ đẹp đơn giản tinh tế, m&agrave;n h&igrave;nh kh&ocirc;ng viền GW2780 27 inch của BenQ c&oacute; c&aacute;c mặt v&aacute;t si&ecirc;u mỏng v&agrave; c&aacute;p nối được giấu k&iacute;n. Được t&iacute;ch hợp v&agrave; bổ sung c&aacute;c c&ocirc;ng nghệ Eye-Care&trade; (Bảo vệ mắt) độc quyền của BenQ, Low Blue Light (Giảm &Aacute;nh s&aacute;ng xanh) v&agrave; Flicker-free (Chống chớp h&igrave;nh) gi&uacute;p bạn lu&ocirc;n thoải m&aacute;i khi nh&igrave;n m&agrave;n h&igrave;nh. C&ocirc;ng nghệ Brightness Intelligence (&Aacute;nh s&aacute;ng Th&ocirc;ng minh) hiển thị c&aacute;c chi tiết một c&aacute;ch tinh tế trong điều kiện m&ocirc;i trường nhiều &aacute;nh s&aacute;ng. Với sự kết hợp giữa LED v&agrave; C&ocirc;ng nghệ IPS, m&agrave;n h&igrave;nh GW7480 đạt tới tầm cao mới trong việc t&aacute;i hiện ch&acirc;n thực c&aacute;c m&agrave;u sắc, hiển thị m&agrave;u đen c&oacute; chiều s&acirc;u hơn, độ tương phản cao v&agrave; chi tiết sắc n&eacute;t hơn.</p>\r\n\r\n<h3><img alt=\"Màn hình BenQ GW24801\" src=\"https://hanoicomputercdn.com/media/product/63359_man_hinh_benq_gw2480_5.jpg\" style=\"height:850px; width:850px\" /><br />\r\n&nbsp;<br />\r\nThiết kế phong c&aacute;ch, hiện đại</h3>\r\n\r\n<p><br />\r\nM&agrave;n h&igrave;nh bảo vệ mắt BenQ GW series 24inch 27inch ph&ugrave; hợp l&agrave;m việc văn ph&ograve;ng &amp; học tập e-Learning<br />\r\n<br />\r\nV&acirc;n bề mặt chống xước cao cấp tạo ra cảm gi&aacute;c sang trọng.</p>\r\n\r\n<p><img alt=\"Màn hình BenQ GW24802\" src=\"https://hanoicomputercdn.com/media/product/63359_man_hinh_benq_gw2480_3.jpg\" style=\"height:850px; width:850px\" /></p>\r\n\r\n<h3><br />\r\nTạo h&igrave;nh ch&acirc;n đế</h3>\r\n\r\n<p>Ch&acirc;n đế được tạo h&igrave;nh một c&aacute;ch thanh lịch loại bỏ những cạnh thừa gi&uacute;p thiết kế trở n&ecirc;n gọn g&agrave;ng.</p>\r\n\r\n<p>Ph&ugrave; hợp l&agrave;m việc văn ph&ograve;ng &amp; học tập e-Learning</p>\r\n\r\n<h3><br />\r\nThiết kế mặt v&aacute;t si&ecirc;u mỏng</h3>\r\n\r\n<p><br />\r\nM&agrave;n h&igrave;nh GW2480 c&oacute; panel đẹp đến từng g&oacute;c cạnh, với mặt v&aacute;t si&ecirc;u mỏng v&agrave; thiết kế thanh lịch, l&agrave; sự bổ sung ho&agrave;n hảo cho c&aacute;c đồ trang tr&iacute; hiện đại kh&aacute;c.</p>\r\n\r\n<p>M&agrave;n h&igrave;nh bảo vệ mắt BenQ GW series 24inch 27inch ph&ugrave; hợp l&agrave;m việc văn ph&ograve;ng &amp; học tập e-Learning</p>\r\n\r\n<p><img alt=\"Màn hình BenQ GW24803\" src=\"https://hanoicomputercdn.com/media/product/63359_man_hinh_benq_gw2480_4.jpg\" style=\"height:850px; width:850px\" /></p>\r\n\r\n<h3><br />\r\nHệ thống quản l&yacute; c&aacute;p</h3>\r\n\r\n<p><br />\r\nThiết kế đường c&aacute;p ch&igrave;m giấu tất cả d&acirc;y c&aacute;p b&ecirc;n trong đế m&agrave;n h&igrave;nh để đạt được thiết kế gọn g&agrave;ng nhất.</p>\r\n\r\n<h3><br />\r\n&nbsp;<br />\r\nG&oacute;c nh&igrave;n rộng với C&ocirc;ng nghệ IPS</h3>\r\n\r\n<p><br />\r\nC&ocirc;ng nghệ IPS (Chuyển mạch trong mặt phẳng) đảm bảo t&aacute;i hiện m&agrave;u sắc v&agrave; h&igrave;nh ảnh ch&iacute;nh x&aacute;c từ mọi g&oacute;c độ. G&oacute;c nh&igrave;n dọc v&agrave; ngang 178&deg; đảm bảo chất lượng xem đồng đều cho nhiều người trong ph&ograve;ng.</p>\r\n\r\n<h3>&nbsp;</h3>\r\n\r\n<h3><img alt=\"Màn hình BenQ GW24804\" src=\"https://hanoicomputercdn.com/media/product/63359_man_hinh_benq_gw2480_5.jpg\" style=\"height:850px; width:850px\" /><br />\r\nKết nối đa dạng</h3>\r\n\r\n<p><br />\r\nHỗ trợ cổng kết nối HDMI, DP, D-sub gi&uacute;p bạn c&oacute; thể sử dụng nội dung &acirc;m thanh hay video từ nhiều nguồn kh&aacute;c nhau.<br />\r\nMở ra thế giới giải tr&iacute; kh&ocirc;ng giới hạn!</p>\r\n\r\n<p><img alt=\"Màn hình BenQ GW24805\" src=\"https://hanoicomputercdn.com/media/product/63359_man_hinh_benq_gw2480_1.jpg\" style=\"height:850px; width:850px\" /></p>\r\n\r\n<h3><br />\r\nChứng nhận T&Uuml;V Rheinland</h3>\r\n\r\n<p><br />\r\nM&agrave;n h&igrave;nh bảo vệ mắt của BenQ được chứng nhận bởi TUV Rheinland, cơ quan đầu ng&agrave;nh tr&ecirc;n to&agrave;n cầu về chứng nhận kỹ thuật v&agrave; an to&agrave;n, nhờ c&oacute; c&ocirc;ng nghệ Flicker-free (chống nhấp nh&aacute;y) v&agrave; Low Blue Light (Giảm &Aacute;nh s&aacute;ng xanh) c&oacute; lợi cho thị lực con người. L&agrave; thương hiệu m&agrave;n h&igrave;nh c&oacute; c&ocirc;ng nghệ Eye-Care (bảo vệ mắt) đầu ti&ecirc;n tr&ecirc;n thế giới, BenQ cam kết bảo vệ sức khỏe thị gi&aacute;c c&ugrave;ng sự thoải m&aacute;i v&agrave; tận hưởng khi xem bằng việc đưa c&ocirc;ng nghệ n&agrave;y v&agrave;o c&aacute;c d&ograve;ng sản phẩm m&agrave;n h&igrave;nh.</p>\r\n\r\n<p>&nbsp;</p>\r\n', 0, 0),
(157, 8, 'Màn hình LG 27GN600-B', 6349000, '56833_lggn600__5_.png', 10, '2022-08-28 16:38:47', '2022-08-28 20:27:17', 'LG', '<p><img alt=\"\" src=\"http://localhost/webbanhang/public/storage/test/56833_lggn600__1_.png\" style=\"height:850px; width:850px\" /><img alt=\"\" src=\"http://localhost/webbanhang/public/storage/test/56833_lggn600__2_.png\" style=\"height:850px; width:850px\" /><img alt=\"\" src=\"http://localhost/webbanhang/public/storage/test/56833_lggn600__3_.png\" style=\"height:850px; width:850px\" /><img alt=\"\" src=\"http://localhost/webbanhang/public/storage/test/56833_lggn600__4_.png\" style=\"height:850px; width:850px\" /></p>\r\n', '<h2>Đ&aacute;nh gi&aacute; M&agrave;n h&igrave;nh Gaming LG 27GN600-B 27inch 144Hz Ch&iacute;nh H&atilde;ng</h2>\r\n\r\n<h3><img alt=\"Màn hình LG 27GN600-B \" src=\"https://hanoicomputercdn.com/media/lib/56833_27GN600-1.jpg\" style=\"height:1451px; width:1200px\" /></h3>\r\n\r\n<h4><strong>IPS 1ms (GtG)</strong></h4>\r\n\r\n<p><br />\r\nThiết kế cho tốc độ đ&aacute;ng kinh ngạc với IPS 1ms tương đương với Tốc độ TN, giảm thiểu hiện tượng dư ảnh v&agrave; thời gian phản hồi nhanh, cho ph&eacute;p bạn tận hưởng hiệu suất chơi game ho&agrave;n to&agrave;n mới.</p>\r\n\r\n<p><img alt=\"Màn hình LG 27GN600-B 1ms\" src=\"https://hanoicomputercdn.com/media/lib/56833_27GN600-2.jpg\" style=\"height:452px; width:1200px\" /></p>\r\n\r\n<h4><strong>Tốc độ l&agrave;m mới 144Hz</strong></h4>\r\n\r\n<p><br />\r\nTrải nghiệm chơi game mượt m&agrave;.&nbsp;<a href=\"https://hacom.vn/man-hinh-may-tinh\">M&agrave;n h&igrave;nh</a>&nbsp;LG 27GN600-B với tốc độ si&ecirc;u nhanh 144Hz cho ph&eacute;p người chơi game nh&igrave;n khung h&igrave;nh tiếp theo nhanh hơn v&agrave; h&igrave;nh ảnh hiển thị mượt m&agrave; hơn. Những người chơi game c&oacute; thể phản ứng với đối thủ nhanh hơn v&agrave; nhắm mục ti&ecirc;u dễ d&agrave;ng.</p>\r\n\r\n<p><img alt=\"Màn hình LG 27GN600-B 144hz\" src=\"https://hanoicomputercdn.com/media/lib/56833_27GN600-3.jpg\" style=\"height:452px; width:1200px\" /></p>\r\n\r\n<h4><br />\r\n<strong>HDR10 với sRGB 99% (Th&ocirc;ng thường)</strong></h4>\r\n\r\n<p><br />\r\nCảm nhận chiến trường với m&agrave;u sắc trung thực. M&agrave;n h&igrave;nh n&agrave;y hỗ trợ HDR10 với sRGB 99% (Th&ocirc;ng thường) mang lại trải nghiệm h&igrave;nh ảnh ch&acirc;n thực với m&agrave;u sắc v&agrave; độ tương phản phong ph&uacute;. Cho d&ugrave; tr&ecirc;n chiến trường n&agrave;o, m&agrave;n h&igrave;nh n&agrave;y cũng c&oacute; thể gi&uacute;p game thủ nh&igrave;n thấy tất cả những m&agrave;u sắc đầy kịch t&iacute;nh theo &yacute; định của nh&agrave; ph&aacute;t triển game.</p>\r\n\r\n<p><img alt=\"Màn hình LG 27GN600-B hdr10\" src=\"https://hanoicomputercdn.com/media/lib/56833_27GN600-4.jpg\" style=\"height:887px; width:1200px\" /></p>\r\n\r\n<h4><strong>Tương th&iacute;ch NVIDIA G-Sync&reg;</strong></h4>\r\n\r\n<p><br />\r\nTương th&iacute;ch với G-SYNC&reg; với chứng nhận của NVIDIA<br />\r\n27GN600 l&agrave; m&agrave;n h&igrave;nh Tương th&iacute;ch với G-SYNC&reg; đ&atilde; được NVIDIA kiểm định v&agrave; chứng nhận ch&iacute;nh thức, giảm thiểu hiện tượng trộn h&igrave;nh v&agrave; loại bỏ t&igrave;nh trạng giật h&igrave;nh, mang đến trải nghiệm chơi game mượt m&agrave; hơn, nhanh hơn.</p>\r\n\r\n<h3><br />\r\nC&ocirc;ng nghệ AMD FreeSync&trade; Premium</h3>\r\n\r\n<p><br />\r\nR&otilde; r&agrave;ng hơn, mượt m&agrave; hơn v&agrave; nhanh hơn<br />\r\nVới c&ocirc;ng nghệ FreeSync&trade; Premium, người chơi game c&oacute; thể trải nghiệm chuyển động liền mạch, tr&ocirc;i chảy trong những tr&ograve; chơi c&oacute; độ ph&acirc;n giải cao v&agrave; tốc độ nhanh. C&ocirc;ng nghệ n&agrave;y giảm thiểu được hiện tượng trộn h&igrave;nh v&agrave; giật h&igrave;nh.</p>\r\n\r\n<h3><img alt=\"Màn hình LG 27GN600-B free sync\" src=\"https://hanoicomputercdn.com/media/lib/56833_27GN600-5.jpg\" style=\"height:300px; width:1200px\" /></h3>\r\n\r\n<h3>Thiết kế s&agrave;nh điệu</h3>\r\n\r\n<p><br />\r\nTinh tế, sang trọng v&agrave; ch&acirc;n thực<br />\r\nTrải nghiệm tuyệt vời hơn khi chơi game nhờ thiết kế bắt mắt v&agrave; viền m&agrave;n h&igrave;nh si&ecirc;u mỏng. C&oacute; thể điều chỉnh phần đế để thay đổi độ nghi&ecirc;ng của m&agrave;n h&igrave;nh, gi&uacute;p bạn chơi game thoải m&aacute;i hơn.</p>\r\n\r\n<h3><img alt=\"Màn hình LG 27GN600-B thiết kế sành điệu\" src=\"https://hanoicomputercdn.com/media/lib/56833_27GN600-6.jpg\" style=\"height:884px; width:1200px\" /><br />\r\nĐồng bộ h&agrave;nh động k&eacute;p</h3>\r\n\r\n<p><br />\r\nPhản ứng nhanh hơn đối thủ của bạn<br />\r\nGiảm thiểu độ trễ của thao t&aacute;c đầu v&agrave;o với c&ocirc;ng nghệ Đồng bộ h&agrave;nh động động v&agrave; người chơi c&oacute; thể nắm bắt được mọi khoảnh khắc theo thời gian thực.&quot;</p>\r\n\r\n<h3>C&acirc;n bằng tối</h3>\r\n\r\n<p><br />\r\nTấn c&ocirc;ng trước trong b&oacute;ng tối<br />\r\nNgười chơi game c&oacute; thể tr&aacute;nh c&aacute;c tay s&uacute;ng bắn tỉa trốn ở những nơi tối nhất v&agrave; nhanh ch&oacute;ng tho&aacute;t khỏi t&igrave;nh huống nguy hiểm.&quot;</p>\r\n\r\n<h3>Crosshair</h3>\r\n\r\n<p><br />\r\nNgắm bắn tốt hơn<br />\r\nĐiểm ngắm mục ti&ecirc;u cố định ở ch&iacute;nh giữa để tăng cường độ ch&iacute;nh x&aacute;c khi bắn.</p>\r\n\r\n<p><img alt=\"Màn hình LG 27GN600-B tâm ngắm\" src=\"https://hanoicomputercdn.com/media/lib/56833_27GN600-7.jpg\" style=\"height:855px; width:1200px\" /><img alt=\"Màn hình LG 27GN600-B bảo hành tại nhà\" src=\"https://hanoicomputercdn.com/media/lib/58133_0311-lg-BaoHanh_900x900.png\" style=\"height:900px; width:900px\" /></p>\r\n\r\n<p>&nbsp;</p>\r\n', 0, 0);
INSERT INTO `product` (`id`, `category_id`, `name`, `price`, `thumbnail`, `amount`, `create_at`, `update_at`, `brand`, `images`, `description`, `rating_avg`, `rating_count`) VALUES
(158, 8, 'Màn hình LG 27UP850-W', 12549000, '58470_man_hinh_lg_27up850_w_9.jpg', 10, '2022-08-28 16:42:19', '2022-08-28 20:27:17', 'LG', '<p><img alt=\"\" src=\"http://localhost/webbanhang/public/storage/test/58470_man_hinh_lg_27up850_w_5.jpg\" style=\"height:850px; width:850px\" /><img alt=\"\" src=\"http://localhost/webbanhang/public/storage/test/58470_man_hinh_lg_27up850_w_6.jpg\" style=\"height:850px; width:850px\" /><img alt=\"\" src=\"http://localhost/webbanhang/public/storage/test/58470_man_hinh_lg_27up850_w_7.jpg\" style=\"height:850px; width:850px\" /><img alt=\"\" src=\"http://localhost/webbanhang/public/storage/test/58470_man_hinh_lg_27up850_w_8.jpg\" style=\"height:850px; width:850px\" /></p>\r\n', '<h2>Đ&aacute;nh gi&aacute; M&agrave;n h&igrave;nh LG 27UP850-W Cho H&igrave;nh Ảnh Sống Động Mọi G&oacute;c Nh&igrave;n</h2>\r\n\r\n<h3>L&agrave;m chủ từng chi tiết</h3>\r\n\r\n<p><br />\r\nTận hưởng h&igrave;nh ảnh ho&agrave;n hảo v&agrave; m&agrave;u sắc thực sự sống động với M&agrave;n h&igrave;nh LG UHD 4K HDR. Khi l&agrave;m việc với nội dung HDR, những người s&aacute;ng tạo nội dung sẽ đ&aacute;nh gi&aacute; cao khả năng t&aacute;i tạo độ s&aacute;ng v&agrave; độ tương phản trong những lần xem trước h&igrave;nh ảnh v&agrave; chỉnh sửa.</p>\r\n\r\n<p><img alt=\"Màn hình LG 27UP850-W \" src=\"https://hanoicomputercdn.com/media/lib/22-04-2021/27up850-01-lg-uhd-monitor.jpg\" style=\"height:915px; width:900px\" /></p>\r\n\r\n<h3><br />\r\nVESA DisplayHDR&trade; 400<br />\r\nHDR r&otilde; r&agrave;ng v&agrave; tươi s&aacute;ng</h3>\r\n\r\n<p><br />\r\n<a href=\"https://hacom.vn/man-hinh-may-tinh\">M&agrave;n h&igrave;nh</a>&nbsp;n&agrave;y hỗ trợ VESA DisplayHDR&trade; 400 với độ s&aacute;ng v&agrave; độ tương phản rộng, tạo n&ecirc;n h&igrave;nh ảnh ch&acirc;n thực cho những game HDR, phim v&agrave; ảnh mới nhất.</p>\r\n\r\n<p><img alt=\"Màn hình LG 27UP850-W  HDR\" src=\"https://hanoicomputercdn.com/media/lib/22-04-2021/27up850-02-hdr-400.jpg\" style=\"height:731px; width:900px\" /></p>\r\n\r\n<h3><br />\r\nXem hiệu ứng HDR tr&ecirc;n nội dung SDR</h3>\r\n\r\n<p><br />\r\nM&agrave;n h&igrave;nh LG UHD 4K HDR hầu như c&oacute; thể chuyển đổi nội dung ti&ecirc;u chuẩn th&agrave;nh video chất lượng HDR ngay tr&ecirc;n m&agrave;n h&igrave;nh. Nhờ đ&oacute;, t&ocirc;ng m&agrave;u v&agrave; độ s&aacute;ng của nội dung SDR được cải thiện r&otilde; rệt, mang lại trải nghiệm xem tương tự HDR.</p>\r\n\r\n<p><img alt=\"Màn hình LG 27UP850-W SDR\" src=\"https://hanoicomputercdn.com/media/lib/22-04-2021/27up850-03-hdr-effect-to-sdr-content.jpg\" style=\"height:304px; width:900px\" /></p>\r\n\r\n<h3><br />\r\nIPS với DCI-P3 95% (Th&ocirc;ng thường)<br />\r\nM&agrave;u sắc ch&acirc;n thực v&agrave; g&oacute;c nh&igrave;n rộng</h3>\r\n\r\n<p><br />\r\nM&agrave;n h&igrave;nh n&agrave;y, với độ bao phủ 95% của phổ DCI-P3, l&agrave; một giải ph&aacute;p tuyệt vời cho những người s&aacute;ng tạo nội dung, nh&agrave; thiết kế đồ họa hoặc bất kỳ người n&agrave;o đang t&igrave;m kiếm m&agrave;u sắc c&oacute; độ ch&iacute;nh x&aacute;c cao.</p>\r\n\r\n<p><img alt=\"Màn hình LG 27UP850-W IPS\" src=\"https://hanoicomputercdn.com/media/lib/22-04-2021/27up850-04-1-ips-dci-p3-d.jpg\" style=\"height:473px; width:900px\" /></p>\r\n\r\n<h3><br />\r\nLG Calibration Studio<br />\r\nChức năng hiệu chuẩn phần cứng lu&ocirc;n sẵn s&agrave;ng</h3>\r\n\r\n<p><br />\r\nTối ưu h&oacute;a hiệu suất m&agrave;u với chức năng Hiệu chỉnh Phần cứng th&ocirc;ng qua LG Calibration Studio, tận dụng tối đa phổ m&agrave;u rộng v&agrave; t&iacute;nh nhất qu&aacute;n của m&agrave;n h&igrave;nh LG IPS 4K.</p>\r\n\r\n<p><img alt=\"Màn hình LG 27UP850-W chức năng cân màu\" src=\"https://hanoicomputercdn.com/media/lib/22-04-2021/27up850-05-1-hardware-calibration.jpg\" style=\"height:450px; width:900px\" /></p>\r\n\r\n<h3><br />\r\nUSB Type-C<br />\r\nDễ điều khiển v&agrave; kết nối</h3>\r\n\r\n<p><br />\r\nCổng USB Type-C&trade; cho ph&eacute;p hiển thị nội dung 4K, truyền dữ liệu v&agrave; sạc thiết bị kết nối (l&ecirc;n đến 96W), cho ph&eacute;p d&ugrave;ng cho m&aacute;y t&iacute;nh x&aacute;ch tay của bạn c&ugrave;ng l&uacute;c tr&ecirc;n một c&aacute;p duy nhất. Giảm bớt t&igrave;nh trạng d&acirc;y c&aacute;p lộn xộn v&agrave; tăng hiệu quả th&ocirc;ng qua một c&aacute;p USB Type-C&trade; m&agrave; kh&ocirc;ng cần c&aacute;p hoặc bộ sạc chuy&ecirc;n dụng cho m&aacute;y t&iacute;nh x&aacute;ch tay hoặc c&aacute;c thiết bị kh&aacute;c.</p>\r\n\r\n<p><img alt=\"Màn hình LG 27UP850-W cổng kết nôi\" src=\"https://hanoicomputercdn.com/media/lib/22-04-2021/27up850-06-1-usb-type-c.jpg\" style=\"height:689px; width:900px\" /></p>\r\n\r\n<h3><br />\r\nN&acirc;ng game l&ecirc;n 4K v&agrave; HDR<br />\r\nTrải nghiệm chơi game ch&acirc;n thực</h3>\r\n\r\n<p><br />\r\n27UP600 th&uacute;c đẩy kỷ nguy&ecirc;n mới của trải nghiệm chơi game 4K HDR, kh&ocirc;ng chỉ mang đến cảm gi&aacute;c hồi hộp nhờ h&igrave;nh ảnh v&agrave; &acirc;m thanh đẹp mắt m&agrave; c&ograve;n gi&uacute;p bạn chiến thắng nhiều trận đấu nhờ t&iacute;nh năng AMD FreeSync&trade;, Game Mode, Dynamic Action Sync v&agrave; Black Stabilizer.</p>\r\n\r\n<p><img alt=\"Màn hình LG 27UP850-W trải nghiệm game\" src=\"https://hanoicomputercdn.com/media/lib/22-04-2021/27up850-07-4k-hdr-gaming.jpg\" style=\"height:660px; width:900px\" /></p>\r\n\r\n<h3><br />\r\nAMD FreeSync&trade;<br />\r\nChuyển động nhanh v&agrave; mượt m&agrave;</h3>\r\n\r\n<p><br />\r\nVới c&ocirc;ng nghệ AMD FreeSync&trade;, người chơi game c&oacute; thể trải nghiệm chuyển động liền mạch, mượt m&agrave; trong những tr&ograve; chơi c&oacute; độ ph&acirc;n giải cao v&agrave; tốc độ nhanh. C&ocirc;ng nghệ n&agrave;y gi&uacute;p giảm hiện tượng trộn h&igrave;nh v&agrave; giật h&igrave;nh.</p>\r\n\r\n<p><img alt=\"Màn hình LG 27UP850-W Freesync\" src=\"https://hanoicomputercdn.com/media/lib/22-04-2021/27up850-08-amd-freesync.jpg\" style=\"height:260px; width:900px\" /><img src=\"https://hanoicomputercdn.com/media/lib/22-04-2021/27up850-08-amd-freesync.jpg\" style=\"width:900px\" /></p>\r\n\r\n<h3>Dynamic Action Sync - Đồng bộ h&agrave;nh động k&eacute;p<br />\r\nPhản ứng nhanh hơn đối thủ của bạn</h3>\r\n\r\n<p><br />\r\nGiảm thiểu độ trễ của thao t&aacute;c đầu v&agrave;o với c&ocirc;ng nghệ Đồng bộ h&agrave;nh động v&agrave; người chơi c&oacute; thể nắm bắt được mọi khoảnh khắc theo thời gian thực.</p>\r\n\r\n<h3>Black Stabilizer - C&acirc;n bằng tối<br />\r\nTấn c&ocirc;ng trước trong b&oacute;ng tối</h3>\r\n\r\n<p><br />\r\nNgười chơi game c&oacute; thể tr&aacute;nh c&aacute;c tay s&uacute;ng bắn tỉa trốn ở những nơi tối nhất v&agrave; nhanh ch&oacute;ng tho&aacute;t khỏi t&igrave;nh huống nguy hiểm.</p>\r\n\r\n<p><img alt=\"Màn hình LG 27UP850-W hỗ trợ chơi game\" src=\"https://hanoicomputercdn.com/media/lib/22-04-2021/27up850-09-gamemode.jpg\" style=\"height:539px; width:900px\" /></p>\r\n\r\n<h3><br />\r\nThưởng thức nội dung 4K v&agrave; HDR<br />\r\nSống động v&agrave; ch&acirc;n thực</h3>\r\n\r\n<p><br />\r\nKh&aacute;m ph&aacute; nội dung HDR từ nhiều dịch vụ ph&aacute;t trực tuyến. V&agrave; bạn c&oacute; thể thưởng thức nội dung tươi s&aacute;ng sống động v&agrave; dải m&agrave;u rộng khi chơi tr&ecirc;n m&agrave;n h&igrave;nh LG UHD 4K với c&ocirc;ng nghệ VESA DisplayHDR&trade; 400 c&oacute; hỗ trợ kh&ocirc;ng gian m&agrave;u DCI-P3.</p>\r\n\r\n<p><img alt=\"Màn hình LG 27UP850-W 4k HDR\" src=\"https://hanoicomputercdn.com/media/lib/22-04-2021/27up850-10-4k-hdr-content.jpg\" style=\"height:678px; width:900px\" /></p>\r\n\r\n<h3>Điều khiển tr&ecirc;n m&agrave;n h&igrave;nh<br />\r\nGiao diện người d&ugrave;ng dễ d&agrave;ng hơn</h3>\r\n\r\n<p><br />\r\nBạn c&oacute; thể t&ugrave;y chỉnh kh&ocirc;ng gian l&agrave;m việc bằng c&aacute;ch chia m&agrave;n h&igrave;nh hoặc điều chỉnh c&aacute;c t&ugrave;y chọn m&agrave;n h&igrave;nh cơ bản chỉ bằng v&agrave;i lần nhấp chuột.</p>\r\n\r\n<h3><img alt=\"Màn hình LG 27UP850-W bộ điều khiển\" src=\"https://hanoicomputercdn.com/media/lib/22-04-2021/27up850-11-1-onscreen-control.jpg\" style=\"height:362px; width:900px\" /><br />\r\nThiết kế thuận tiện<br />\r\nDễ D&agrave;ng Thoải M&aacute;i</h3>\r\n\r\n<p><br />\r\nCh&acirc;n đỡ c&ocirc;ng th&aacute;i học gi&uacute;p bạn dễ d&agrave;ng điều chỉnh linh hoạt độ cao, độ nghi&ecirc;ng v&agrave; độ xoay của m&agrave;n h&igrave;nh ở vị tr&iacute; tối ưu.</p>\r\n\r\n<p><img alt=\"Màn hình LG 27UP850-W bảo hành tại nhà\" src=\"https://hanoicomputercdn.com/media/lib/22-04-2021/27up850-13-home-service.jpg\" style=\"height:450px; width:900px\" /></p>\r\n\r\n<p><img src=\"chrome-extension://bpggmmljdiliancllaapiggllnkbjocb/logo/48.png\" /></p>\r\n\r\n<p><a href=\"javascript:void(0)\">Xem th&ecirc;m&nbsp;</a></p>\r\n', 0, 0),
(159, 3, 'Chuột game Logitech G903 Hero Lightspeed', 2649000, '48724_tong_the_chuot_logitech_g903_hero_wireless_gaming.jpg', 8, '2022-08-28 16:47:19', '2025-12-16 12:24:23', 'Logitech', '<p><img alt=\"\" src=\"http://localhost/webbanhang/public/storage/test/48724_goc_nghieng_chuot_logitech_g903_hero_wireless_gaming.jpg\" style=\"height:850px; width:850px\" /><img alt=\"\" src=\"http://localhost/webbanhang/public/storage/test/48724_goc_trai_cua_chuot_logitech_g903_hero_wireless_gaming.jpg\" style=\"height:850px; width:850px\" /><img alt=\"\" src=\"http://localhost/webbanhang/public/storage/test/48724_kich_thuoc_chuot_choi_game_logitech_g402_hyperion_fury_usb_black.jpg\" style=\"height:1500px; width:2100px\" /><img alt=\"\" src=\"http://localhost/webbanhang/public/storage/test/48724_mat_truoc_cua_chuot_logitech_g903_hero_wireless_gaming.jpg\" style=\"height:850px; width:850px\" /></p>\r\n', '<h2>Đ&aacute;nh gi&aacute; Chuột Logitech G903 Hero Lightspeed Wireless Gaming Black</h2>\r\n\r\n<p><img alt=\"Chuột game Logitech G903 Hero Lightspeed (USB/RGB/Đen) (910-005674) 1\" src=\"https://hanoicomputercdn.com/media/lib/10-06-2022/chuot-logitech-g903-hero-lightspeed-wireless-gaming-black-02.png\" style=\"width:100%\" /></p>\r\n\r\n<h3>Mắt cảm biến Hero</h3>\r\n\r\n<p><img alt=\"Chuột game Logitech G903 Hero Lightspeed (USB/RGB/Đen) (910-005674) 2\" src=\"https://hanoicomputercdn.com/media/lib/10-06-2022/chuot-logitech-g903-hero-lightspeed-wireless-gaming-black-03.jpg\" style=\"width:100%\" /></p>\r\n\r\n<h3>C&ocirc;ng nghệ kh&ocirc;ng d&acirc;y LIGHTSPEED&nbsp;</h3>\r\n\r\n<p>Như c&aacute;c bạn đ&atilde; biết, trong c&aacute;c trận thi đấu game đỉnh cao, độ trễ của t&iacute;n hiệu tr&ecirc;n c&aacute;c thiết bị chơi game c&oacute; thể ảnh hưởng lớn đến sự thắng thua. Ch&iacute;nh v&igrave; vậy m&agrave; c&aacute;c kỹ sư h&agrave;ng đầu thế giới của Logitech đ&atilde; ph&aacute;t minh ra c&ocirc;ng nghệ truyền tải t&iacute;n hiệu kh&ocirc;ng d&acirc;y cao cấp v&agrave; ứng dụng n&oacute; v&agrave;o chuột Logitech G903 HERO. Ngay cả c&aacute;c game thủ đẳng cấp cao cũng c&oacute; thể ho&agrave;n to&agrave;n tin tưởng v&agrave;o Logitech G903 HERO với khả năng truyền tải t&iacute;n hiệu với độ trễ chỉ 1ms nhờ c&ocirc;ng nghệ kh&ocirc;ng d&acirc;y tần số 2.4GHz đ&atilde; được tối ưu h&oacute;a.&nbsp;</p>\r\n\r\n<p><img alt=\"Chuột game Logitech G903 Hero Lightspeed (USB/RGB/Đen) (910-005674) 3\" src=\"https://hanoicomputercdn.com/media/lib/10-06-2022/chuot-logitech-g903-hero-lightspeed-wireless-gaming-black-01.jpg\" style=\"width:100%\" /></p>\r\n\r\n<h3>Thời lượng pin cao</h3>\r\n\r\n<p><img alt=\"Chuột game Logitech G903 Hero Lightspeed (USB/RGB/Đen) (910-005674) 4\" src=\"https://hanoicomputercdn.com/media/lib/10-06-2022/chuot-logitech-g903-hero-lightspeed-wireless-gaming-black-04.jpg\" style=\"width:100%\" /></p>\r\n\r\n<h3>C&ocirc;ng nghệ n&uacute;t cơ học</h3>\r\n\r\n<p><img alt=\"Chuột game Logitech G903 Hero Lightspeed (USB/RGB/Đen) (910-005674) 5\" src=\"https://hanoicomputercdn.com/media/lib/10-06-2022/chuot-logitech-g903-hero-lightspeed-wireless-gaming-black-06.jpg\" style=\"width:100%\" /></p>\r\n\r\n<h3>LED RGB c&oacute; thể lập tr&igrave;nh</h3>\r\n\r\n<p><img alt=\"Chuột game Logitech G903 Hero Lightspeed (USB/RGB/Đen) (910-005674) 6\" src=\"https://hanoicomputercdn.com/media/lib/10-06-2022/chuot-logitech-g903-hero-lightspeed-wireless-gaming-black-05.jpg\" style=\"width:100%\" /></p>\r\n\r\n<h3>Tuỳ chỉnh n&uacute;t dễ d&agrave;ng</h3>\r\n\r\n<p><img alt=\"Chuột game Logitech G903 Hero Lightspeed (USB/RGB/Đen) (910-005674) 7\" src=\"https://hanoicomputercdn.com/media/lib/10-06-2022/chuot-logitech-g903-hero-lightspeed-wireless-gaming-black-07.jpg\" style=\"width:100%\" /></p>\r\n\r\n<p>&nbsp;</p>\r\n', 3.81818, 11),
(160, 3, 'Chuột game không dây Steelseries Aerox 3 Snow', 2289000, '67203_chuot_khong_day_steelseries_aerox_3_snow_usb_rgb_62608_0001_2.jpg', 10, '2022-08-28 16:50:07', '2022-08-28 20:27:17', 'Steelseries', '<p><img alt=\"\" src=\"http://localhost/webbanhang/public/storage/test/67203_chuot_khong_day_steelseries_aerox_3_snow_usb_rgb_62608_0000_1.jpg\" style=\"height:850px; width:850px\" /><img alt=\"\" src=\"http://localhost/webbanhang/public/storage/test/67203_chuot_khong_day_steelseries_aerox_3_snow_usb_rgb_62608_0002_3.jpg\" style=\"height:850px; width:850px\" /></p>\r\n', '<h2>Đ&aacute;nh gi&aacute; Chuột kh&ocirc;ng d&acirc;y Steelseries Aerox 3 Snow (USB/RGB) (62608)</h2>\r\n\r\n<p><img alt=\"Chuột không dây Steelseries Aerox 3 Snow (USB/RGB) (62608)\" src=\"https://hanoicomputercdn.com/media/lib/12-08-2022/chuot-khong-day-steelseries-aerox-3-snow-usb-rgb-62608-3.jpg\" style=\"width:100%\" /></p>\r\n\r\n<h3>Trọng lượng si&ecirc;u nhẹ</h3>\r\n\r\n<p>Với trọng lượng chỉ 68 gram, những pha xử l&yacute; khi chơi game của bạn sẽ trở n&ecirc;n mượt m&agrave; v&agrave; dễ d&agrave;ng kiểm so&aacute;t hơn nhờ v&agrave;o thiết kế vỏ b&ecirc;n ngo&agrave;i tối ưu.</p>\r\n\r\n<p><img src=\"https://hanoicomputercdn.com/media/lib/12-08-2022/chuot-khong-day-steelseries-aerox-3-snow-usb-rgb-62608-4.jpg\" /></p>\r\n\r\n<h3>Kết nối kh&ocirc;ng d&acirc;y đa dạng</h3>\r\n\r\n<p>Bạn ho&agrave;n to&agrave;n c&oacute; thể kết nối chuột bằng kết nối kh&ocirc;ng d&acirc;y qua 2 c&aacute;ch: Bluetooth v&agrave; Wireless</p>\r\n\r\n<p><img alt=\"Chuột không dây Steelseries Aerox 3 Snow (USB/RGB)\" src=\"https://hanoicomputercdn.com/media/lib/12-08-2022/chuot-khong-day-steelseries-aerox-3-snow-usb-rgb-62608-6.jpg\" style=\"width:100%\" /></p>\r\n\r\n<h3>Kh&aacute;ng nước, bụi v&agrave; chất bẩn</h3>\r\n\r\n<p>Được trang bị khả năng kh&aacute;ng nước, bụi, dầu, l&ocirc;ng th&uacute;, ... chuẩn IP54</p>\r\n\r\n<p><img alt=\"Chuột không dây Steelseries Aerox 3 Snow (USB/RGB) (62608)\" src=\"https://hanoicomputercdn.com/media/lib/12-08-2022/chuot-khong-day-steelseries-aerox-3-snow-usb-rgb-62608-5.jpg\" style=\"width:100%\" /></p>\r\n\r\n<h3>C&ocirc;ng nghệ switch chuột mới</h3>\r\n\r\n<p>Độ bền 80 triệu lần nhấp (gấp 3 lần so với c&aacute;c loại chuột chơi game kh&aacute;c), switch kh&aacute;ng bụi v&agrave; nước &nbsp;mang đến trải nghiệm ho&agrave;n hảo ngay cả trong những điều kiện khắt khe nhất, ngăn nhấp đ&uacute;p v&agrave; cho ph&eacute;p bạn c&oacute; những trải nghiệm chơi game bắn s&uacute;ng ổn định v&agrave; ch&iacute;nh x&aacute;c.</p>\r\n\r\n<p><img alt=\"Chuột không dây Steelseries Aerox 3 Snow (USB/RGB)\" src=\"https://hanoicomputercdn.com/media/lib/12-08-2022/chuot-khong-day-steelseries-aerox-3-snow-usb-rgb-62608-7.jpg\" style=\"width:100%\" /></p>\r\n\r\n<h3>Sensor TrueMove Air</h3>\r\n\r\n<p>Cảm biến theo d&otilde;i 1-1 t&ugrave;y chỉnh được đồng ph&aacute;t triển với PixArt cho hiệu suất kh&ocirc;ng d&acirc;y tốt v&agrave; ổn định hơn. Cảm biến quang học 18.000 CPI, 400 IPS, 40G n&agrave;y mang lại tốc độ v&agrave; độ ch&iacute;nh x&aacute;c cần thiết để cải thiện tr&ograve; chơi của bạn.</p>\r\n\r\n<p><img alt=\"Chuột không dây Steelseries Aerox 3 Snow (USB/RGB) \" src=\"https://hanoicomputercdn.com/media/lib/12-08-2022/chuot-khong-day-steelseries-aerox-3-snow-usb-rgb-62608-8.jpg\" style=\"width:100%\" /></p>\r\n\r\n<h3>Feet chuột 100% PTFE</h3>\r\n\r\n<p>Được thiết kế bằng 100% PTFE để mang lại những thao t&aacute;c vuốt mượt m&agrave; nhất v&agrave; khả năng kiểm so&aacute;t n&acirc;ng cao cho c&aacute;c chuyển động chuột si&ecirc;u nhẹ. Được tối ưu h&oacute;a cho tốc độ tr&ecirc;n b&agrave;n di chuột QcK b&aacute;n chạy nhất của Steelseries.</p>\r\n\r\n<p><img alt=\"Chuột không dây Steelseries Aerox 3 Snow (USB/RGB)\" src=\"https://hanoicomputercdn.com/media/lib/12-08-2022/chuot-khong-day-steelseries-aerox-3-snow-usb-rgb-62608-9.jpg\" style=\"width:100%\" /></p>\r\n\r\n<h3>Cổng kết nối type C hiện đại</h3>\r\n\r\n<p>Ngo&agrave;i khả năng sạc nhanh, chuẩn kết nối type C c&ograve;n gi&uacute;p bạn dễ d&agrave;ng kết nối hơn so với c&aacute;c loại kết nối cũ như Micro USB, mini usb, ...</p>\r\n\r\n<p><img alt=\"Chuột không dây Steelseries Aerox 3 Snow (USB/RGB)\" src=\"https://hanoicomputercdn.com/media/lib/12-08-2022/chuot-khong-day-steelseries-aerox-3-snow-usb-rgb-62608-10.jpg\" style=\"width:100%\" /></p>\r\n\r\n<h3>Thiết kế tối ưu</h3>\r\n\r\n<p>Mọi th&agrave;nh phần từ cấu tr&uacute;c b&ecirc;n ngo&agrave;i v&agrave; b&ecirc;n trong đều được chế tạo cẩn thận để tối đa h&oacute;a độ bền v&agrave; sự thoải m&aacute;i.</p>\r\n\r\n<p><img alt=\"Chuột không dây Steelseries Aerox 3 Snow (USB/RGB)\" src=\"https://hanoicomputercdn.com/media/lib/12-08-2022/chuot-khong-day-steelseries-aerox-3-snow-usb-rgb-62608-1.jpg\" style=\"width:100%\" /></p>\r\n\r\n<h3>C&aacute;c kiểu cầm chuột ph&ugrave; hợp</h3>\r\n\r\n<p><img alt=\"Chuột game không dây Steelseries Aerox 3 Snow (USB/RGB) (62608) 001\" src=\"https://hanoicomputercdn.com/media/lib/23-08-2022/chuot-game-khong-day-steelseries-aerox-3-snow-usb-rgb-6260814.png\" style=\"width:100%\" /></p>\r\n\r\n<p><img alt=\"Chuột game không dây Steelseries Aerox 3 Snow (USB/RGB) (62608) 002\" src=\"https://hanoicomputercdn.com/media/lib/23-08-2022/chuot-game-khong-day-steelseries-aerox-3-snow-usb-rgb-6260813.png\" style=\"width:100%\" /></p>\r\n\r\n<p><img alt=\"Chuột game không dây Steelseries Aerox 3 Snow (USB/RGB) (62608) 003\" src=\"https://hanoicomputercdn.com/media/lib/23-08-2022/chuot-game-khong-day-steelseries-aerox-3-snow-usb-rgb-6260815.png\" style=\"width:100%\" /></p>\r\n\r\n<h3>K&iacute;ch thước chuột</h3>\r\n\r\n<p><img alt=\"Chuột game không dây Steelseries Aerox 3 Snow (USB/RGB) (62608) 004\" src=\"https://hanoicomputercdn.com/media/lib/23-08-2022/chuot-game-khong-day-steelseries-aerox-3-snow-usb-rgb-6260812.png\" style=\"width:100%\" /></p>\r\n\r\n<p><img alt=\"Chuột game không dây Steelseries Aerox 3 Snow (USB/RGB) (62608) 006\" src=\"https://hanoicomputercdn.com/media/lib/23-08-2022/chuot-game-khong-day-steelseries-aerox-3-snow-usb-rgb-6260811.png\" style=\"width:100%\" /></p>\r\n\r\n<h3>Hệ sinh th&aacute;i Aerox 3</h3>\r\n\r\n<p><img alt=\"Chuột không dây Steelseries Aerox 3 Snow (USB/RGB)\" src=\"https://hanoicomputercdn.com/media/lib/12-08-2022/chuot-khong-day-steelseries-aerox-3-snow-usb-rgb-62608-2.jpg\" style=\"width:100%\" /></p>\r\n', 0, 0);

-- --------------------------------------------------------

--
-- Cấu trúc bảng cho bảng `reviews`
--

CREATE TABLE `reviews` (
  `id` int(11) NOT NULL,
  `product_id` int(11) NOT NULL,
  `user_id` int(11) NOT NULL,
  `rating` tinyint(4) NOT NULL,
  `content` text DEFAULT NULL,
  `created_at` datetime DEFAULT current_timestamp()
) ENGINE=InnoDB DEFAULT CHARSET=utf8mb4 COLLATE=utf8mb4_general_ci;

--
-- Đang đổ dữ liệu cho bảng `reviews`
--

INSERT INTO `reviews` (`id`, `product_id`, `user_id`, `rating`, `content`, `created_at`) VALUES
(1, 159, 18, 4, 'áda', '2025-12-14 10:20:21'),
(2, 159, 18, 4, 'sadads', '2025-12-14 10:30:03'),
(3, 159, 18, 4, 'sadad', '2025-12-14 10:30:34'),
(4, 159, 18, 4, 'fdg', '2025-12-14 10:39:12'),
(5, 159, 18, 3, 'dfgdfg', '2025-12-14 10:41:04'),
(6, 159, 18, 4, 'dsf', '2025-12-14 10:41:55'),
(7, 159, 18, 4, 'sad', '2025-12-14 10:50:27'),
(8, 159, 18, 4, 'dsds', '2025-12-14 10:51:37'),
(9, 159, 18, 3, 'ádasd', '2025-12-14 10:57:31'),
(10, 159, 18, 5, 'ád', '2025-12-14 11:01:43'),
(11, 159, 20, 3, 'Sản phẩm tốt', '2025-12-16 12:24:23'),
(12, 147, 20, 4, 'Sản phẩm dùng tốt', '2025-12-16 13:33:31');

-- --------------------------------------------------------

--
-- Cấu trúc bảng cho bảng `role`
--

CREATE TABLE `role` (
  `id` int(11) NOT NULL,
  `name` varchar(20) NOT NULL
) ENGINE=InnoDB DEFAULT CHARSET=utf8mb4 COLLATE=utf8mb4_general_ci;

--
-- Đang đổ dữ liệu cho bảng `role`
--

INSERT INTO `role` (`id`, `name`) VALUES
(1, 'admin'),
(2, 'user');

-- --------------------------------------------------------

--
-- Cấu trúc bảng cho bảng `users`
--

CREATE TABLE `users` (
  `fullname` varchar(50) DEFAULT NULL,
  `email` varchar(150) DEFAULT NULL,
  `phone_number` varchar(20) NOT NULL,
  `address` varchar(255) NOT NULL,
  `password` varchar(32) NOT NULL,
  `reset_code` varchar(6) DEFAULT NULL,
  `reset_code_expired` datetime DEFAULT NULL,
  `role_id` int(11) DEFAULT NULL,
  `id` int(11) NOT NULL
) ENGINE=InnoDB DEFAULT CHARSET=utf8mb4 COLLATE=utf8mb4_general_ci;

--
-- Đang đổ dữ liệu cho bảng `users`
--

INSERT INTO `users` (`fullname`, `email`, `phone_number`, `address`, `password`, `reset_code`, `reset_code_expired`, `role_id`, `id`) VALUES
('vũ hoàng', 'hoangdjno1@gmail.com', '0869361504', 'số 26 ngõ 226/62 đường hoàng mai , phường hoàng văn thụ , quận hai bà trưng', 'b59c67bf196a4758191e42f76670ceba', NULL, NULL, 1, 6),
('vũ hoàng', 'bboyhoangdx@gmail.com', '0869361504', 'số 26 ngõ 226/62 đường hoàng mai , phường hoàng văn thụ , quận hai bà trưng', 'b59c67bf196a4758191e42f76670ceba', NULL, NULL, 2, 7),
('Huyền Thu', 'huyenthu19082004@gmail.com', '0337432795', '126 Hào Nam, Hà Nội', '5d0ee8ee33e04780e4da8378f6db7f1f', 'null', '0000-00-00 00:00:00', 1, 10),
('Đặng Hoàng Minh', 'nightcore712@gmail.com', '0963930712', '275 Nguyễn Trãi Thanh Xuân Hà Nội', '25f9e794323b453885f5181f1b624d0b', NULL, NULL, 1, 17),
('Đặng Hoàng Minh', 'hehe@hehe.com', '0963930712', '275 Nguyễn Trãi Thanh Xuân Hà Nội', '25d55ad283aa400af464c76d713c07ad', NULL, NULL, 2, 18),
('nguyễn huyền my', '25a4042239@hvnh.edu.vn', '0396738320', '126 Hào Nam', '6fcaf4bf5337d57a5cc58caeba440b25', NULL, NULL, 2, 20);

--
-- Chỉ mục cho các bảng đã đổ
--

--
-- Chỉ mục cho bảng `cart`
--
ALTER TABLE `cart`
  ADD PRIMARY KEY (`id`),
  ADD KEY `product_id` (`product_id`),
  ADD KEY `users_id` (`users_id`);

--
-- Chỉ mục cho bảng `category`
--
ALTER TABLE `category`
  ADD PRIMARY KEY (`id`);

--
-- Chỉ mục cho bảng `checkout`
--
ALTER TABLE `checkout`
  ADD PRIMARY KEY (`id`),
  ADD KEY `product_id` (`product_id`),
  ADD KEY `order_id` (`order_id`);

--
-- Chỉ mục cho bảng `discount`
--
ALTER TABLE `discount`
  ADD PRIMARY KEY (`id`),
  ADD KEY `product_id` (`product_id`);

--
-- Chỉ mục cho bảng `orders`
--
ALTER TABLE `orders`
  ADD PRIMARY KEY (`id`),
  ADD KEY `user_id` (`user_id`);

--
-- Chỉ mục cho bảng `product`
--
ALTER TABLE `product`
  ADD PRIMARY KEY (`id`),
  ADD KEY `category_id` (`category_id`);

--
-- Chỉ mục cho bảng `reviews`
--
ALTER TABLE `reviews`
  ADD PRIMARY KEY (`id`),
  ADD KEY `product_id` (`product_id`),
  ADD KEY `user_id` (`user_id`);

--
-- Chỉ mục cho bảng `role`
--
ALTER TABLE `role`
  ADD PRIMARY KEY (`id`);

--
-- Chỉ mục cho bảng `users`
--
ALTER TABLE `users`
  ADD PRIMARY KEY (`id`),
  ADD KEY `role_id` (`role_id`);

--
-- AUTO_INCREMENT cho các bảng đã đổ
--

--
-- AUTO_INCREMENT cho bảng `cart`
--
ALTER TABLE `cart`
  MODIFY `id` int(11) NOT NULL AUTO_INCREMENT, AUTO_INCREMENT=570;

--
-- AUTO_INCREMENT cho bảng `category`
--
ALTER TABLE `category`
  MODIFY `id` int(11) NOT NULL AUTO_INCREMENT, AUTO_INCREMENT=36;

--
-- AUTO_INCREMENT cho bảng `checkout`
--
ALTER TABLE `checkout`
  MODIFY `id` int(20) NOT NULL AUTO_INCREMENT, AUTO_INCREMENT=86;

--
-- AUTO_INCREMENT cho bảng `discount`
--
ALTER TABLE `discount`
  MODIFY `id` int(11) NOT NULL AUTO_INCREMENT, AUTO_INCREMENT=64;

--
-- AUTO_INCREMENT cho bảng `product`
--
ALTER TABLE `product`
  MODIFY `id` int(11) NOT NULL AUTO_INCREMENT, AUTO_INCREMENT=161;

--
-- AUTO_INCREMENT cho bảng `reviews`
--
ALTER TABLE `reviews`
  MODIFY `id` int(11) NOT NULL AUTO_INCREMENT, AUTO_INCREMENT=13;

--
-- AUTO_INCREMENT cho bảng `role`
--
ALTER TABLE `role`
  MODIFY `id` int(11) NOT NULL AUTO_INCREMENT, AUTO_INCREMENT=3;

--
-- AUTO_INCREMENT cho bảng `users`
--
ALTER TABLE `users`
  MODIFY `id` int(11) NOT NULL AUTO_INCREMENT, AUTO_INCREMENT=21;

--
-- Các ràng buộc cho các bảng đã đổ
--

--
-- Các ràng buộc cho bảng `cart`
--
ALTER TABLE `cart`
  ADD CONSTRAINT `cart_ibfk_1` FOREIGN KEY (`product_id`) REFERENCES `product` (`id`),
  ADD CONSTRAINT `cart_ibfk_2` FOREIGN KEY (`users_id`) REFERENCES `users` (`id`);

--
-- Các ràng buộc cho bảng `checkout`
--
ALTER TABLE `checkout`
  ADD CONSTRAINT `checkout_ibfk_1` FOREIGN KEY (`product_id`) REFERENCES `product` (`id`),
  ADD CONSTRAINT `checkout_ibfk_2` FOREIGN KEY (`order_id`) REFERENCES `orders` (`id`);

--
-- Các ràng buộc cho bảng `discount`
--
ALTER TABLE `discount`
  ADD CONSTRAINT `discount_ibfk_1` FOREIGN KEY (`product_id`) REFERENCES `product` (`id`);

--
-- Các ràng buộc cho bảng `orders`
--
ALTER TABLE `orders`
  ADD CONSTRAINT `orders_ibfk_1` FOREIGN KEY (`user_id`) REFERENCES `users` (`id`);

--
-- Các ràng buộc cho bảng `product`
--
ALTER TABLE `product`
  ADD CONSTRAINT `product_ibfk_1` FOREIGN KEY (`category_id`) REFERENCES `category` (`id`),
  ADD CONSTRAINT `product_ibfk_2` FOREIGN KEY (`category_id`) REFERENCES `category` (`id`);

--
-- Các ràng buộc cho bảng `reviews`
--
ALTER TABLE `reviews`
  ADD CONSTRAINT `reviews_ibfk_1` FOREIGN KEY (`product_id`) REFERENCES `product` (`id`) ON DELETE CASCADE,
  ADD CONSTRAINT `reviews_ibfk_2` FOREIGN KEY (`user_id`) REFERENCES `users` (`id`) ON DELETE CASCADE;

--
-- Các ràng buộc cho bảng `users`
--
ALTER TABLE `users`
  ADD CONSTRAINT `users_ibfk_1` FOREIGN KEY (`role_id`) REFERENCES `role` (`id`),
  ADD CONSTRAINT `users_ibfk_2` FOREIGN KEY (`role_id`) REFERENCES `role` (`id`);
COMMIT;

/*!40101 SET CHARACTER_SET_CLIENT=@OLD_CHARACTER_SET_CLIENT */;
/*!40101 SET CHARACTER_SET_RESULTS=@OLD_CHARACTER_SET_RESULTS */;
/*!40101 SET COLLATION_CONNECTION=@OLD_COLLATION_CONNECTION */;
